#node1	node2	node1_string_id	node2_string_id	neighborhood_on_chromosome	gene_fusion	phylogenetic_cooccurrence	homology	coexpression	experimentally_determined_interaction	database_annotated	automated_textmining	combined_score
ACACB	ACAT1	9606.ENSP00000341044	9606.ENSP00000265838	0.044	0	0	0	0.062	0	0.900	0.186	0.917
ACADSB	EHHADH	9606.ENSP00000357873	9606.ENSP00000231887	0.049	0	0	0	0.122	0.199	0.900	0.574	0.966
ACADSB	ACAT1	9606.ENSP00000357873	9606.ENSP00000265838	0.055	0	0	0	0.448	0.102	0.900	0.454	0.969
ACAT1	EHHADH	9606.ENSP00000265838	9606.ENSP00000231887	0.057	0.025	0	0	0.127	0.251	0.900	0.565	0.968
ACAT1	ACACB	9606.ENSP00000265838	9606.ENSP00000341044	0.044	0	0	0	0.062	0	0.900	0.186	0.917
ACAT1	ACADSB	9606.ENSP00000265838	9606.ENSP00000357873	0.055	0	0	0	0.448	0.102	0.900	0.454	0.969
ACHE	GHRL	9606.ENSP00000303211	9606.ENSP00000335074	0	0	0	0	0	0	0.900	0.263	0.923
ACTG2	MYH11	9606.ENSP00000386857	9606.ENSP00000379616	0	0	0	0	0.566	0.369	0.600	0.641	0.955
ADCYAP1	VIPR1	9606.ENSP00000462647	9606.ENSP00000327246	0	0	0	0	0	0.318	0.500	0.981	0.993
ADH1B	ALDH2	9606.ENSP00000306606	9606.ENSP00000261733	0.049	0	0	0	0.140	0	0.900	0.916	0.992
ADH1B	AOX1	9606.ENSP00000306606	9606.ENSP00000363832	0	0	0	0	0.109	0	0.900	0.371	0.939
ALDH2	EHHADH	9606.ENSP00000261733	9606.ENSP00000231887	0.042	0	0	0	0.064	0.070	0.900	0.304	0.931
ALDH2	ADH1B	9606.ENSP00000261733	9606.ENSP00000306606	0.049	0	0	0	0.140	0	0.900	0.916	0.992
ANLN	DLGAP5	9606.ENSP00000265748	9606.ENSP00000247191	0	0	0	0	0.908	0	0	0.446	0.947
ANLN	KIF11	9606.ENSP00000265748	9606.ENSP00000260731	0	0	0	0	0.943	0.070	0	0.493	0.970
ANLN	HMMR	9606.ENSP00000265748	9606.ENSP00000377492	0	0	0	0	0.843	0	0	0.408	0.903
ANLN	PBK	9606.ENSP00000265748	9606.ENSP00000428489	0	0	0	0	0.865	0.062	0	0.345	0.910
ANLN	TPX2	9606.ENSP00000265748	9606.ENSP00000300403	0	0	0	0	0.839	0	0	0.482	0.913
ANLN	KIF4A	9606.ENSP00000265748	9606.ENSP00000363524	0	0	0	0	0.796	0.070	0	0.614	0.920
ANLN	CENPF	9606.ENSP00000265748	9606.ENSP00000355922	0	0	0	0	0.805	0.270	0	0.512	0.924
ANLN	TOP2A	9606.ENSP00000265748	9606.ENSP00000411532	0	0	0	0	0.834	0.270	0	0.469	0.930
ANLN	CDK1	9606.ENSP00000265748	9606.ENSP00000378699	0	0	0	0	0.869	0	0	0.547	0.938
ANLN	ASPM	9606.ENSP00000265748	9606.ENSP00000356379	0	0	0	0	0.866	0.296	0	0.428	0.941
ANLN	KIF20A	9606.ENSP00000265748	9606.ENSP00000378356	0	0	0	0	0.855	0.351	0	0.647	0.964
ANXA5	PLEK	9606.ENSP00000296511	9606.ENSP00000234313	0	0	0	0	0	0	0.900	0.261	0.923
ANXA5	FLNA	9606.ENSP00000296511	9606.ENSP00000358866	0	0	0	0	0.091	0.076	0.900	0.273	0.930
AOX1	EHHADH	9606.ENSP00000363832	9606.ENSP00000231887	0	0	0	0	0.062	0	0.900	0.175	0.915
AOX1	ADH1B	9606.ENSP00000363832	9606.ENSP00000306606	0	0	0	0	0.109	0	0.900	0.371	0.939
AOX1	NNMT	9606.ENSP00000363832	9606.ENSP00000441434	0	0	0	0	0.175	0	0.900	0.494	0.954
ASPM	DLGAP5	9606.ENSP00000356379	9606.ENSP00000247191	0	0	0	0	0.982	0	0	0.558	0.992
ASPM	NCAPG	9606.ENSP00000356379	9606.ENSP00000251496	0	0	0	0	0.991	0	0	0.528	0.995
ASPM	CCNB1	9606.ENSP00000356379	9606.ENSP00000256442	0	0	0	0	0.952	0.057	0	0.473	0.974
ASPM	KIF11	9606.ENSP00000356379	9606.ENSP00000260731	0	0	0	0	0.989	0.243	0	0.654	0.996
ASPM	CENPE	9606.ENSP00000356379	9606.ENSP00000265148	0	0	0	0	0.985	0.243	0	0.546	0.994
ASPM	ANLN	9606.ENSP00000356379	9606.ENSP00000265748	0	0	0	0	0.866	0.296	0	0.428	0.941
ASPM	PLK4	9606.ENSP00000356379	9606.ENSP00000270861	0	0	0	0	0.821	0.394	0	0.389	0.928
ASPM	CCNA2	9606.ENSP00000356379	9606.ENSP00000274026	0	0	0	0	0.976	0.057	0	0.544	0.988
ASPM	CCNB2	9606.ENSP00000356379	9606.ENSP00000288207	0	0	0	0	0.909	0.057	0	0.518	0.955
ASPM	MELK	9606.ENSP00000356379	9606.ENSP00000298048	0	0	0	0	0.924	0.075	0	0.450	0.958
ASPM	KIAA0101	9606.ENSP00000356379	9606.ENSP00000300035	0	0	0	0	0.907	0	0	0.475	0.949
ASPM	TPX2	9606.ENSP00000356379	9606.ENSP00000300403	0	0	0	0	0.966	0	0	0.458	0.981
ASPM	SMC4	9606.ENSP00000356379	9606.ENSP00000349961	0	0	0	0	0.958	0.667	0	0.275	0.989
ASPM	CENPF	9606.ENSP00000356379	9606.ENSP00000355922	0	0	0	0	0.962	0	0	0.629	0.985
ASPM	PTTG1	9606.ENSP00000356379	9606.ENSP00000377536	0	0	0	0	0.844	0	0	0.389	0.900
ASPM	CKS2	9606.ENSP00000356379	9606.ENSP00000364976	0	0	0	0	0.917	0	0	0.143	0.926
ASPM	CDCA3	9606.ENSP00000356379	9606.ENSP00000442068	0	0	0	0	0.918	0	0	0.376	0.947
ASPM	PBK	9606.ENSP00000356379	9606.ENSP00000428489	0	0	0	0	0.925	0.075	0	0.422	0.956
ASPM	HMMR	9606.ENSP00000356379	9606.ENSP00000377492	0	0	0	0	0.931	0	0	0.415	0.958
ASPM	KIF20A	9606.ENSP00000356379	9606.ENSP00000378356	0	0	0	0	0.915	0.252	0	0.591	0.971
ASPM	KIF4A	9606.ENSP00000356379	9606.ENSP00000363524	0	0	0	0	0.951	0.243	0	0.554	0.982
ASPM	TOP2A	9606.ENSP00000356379	9606.ENSP00000411532	0	0	0	0	0.968	0	0	0.605	0.987
ASPM	NUSAP1	9606.ENSP00000356379	9606.ENSP00000453403	0	0	0	0	0.979	0	0	0.602	0.991
ASPM	TTK	9606.ENSP00000356379	9606.ENSP00000358813	0	0	0	0	0.986	0.060	0	0.503	0.993
ASPM	CDK1	9606.ENSP00000356379	9606.ENSP00000378699	0	0	0	0	0.991	0.057	0	0.437	0.994
C1QB	TYROBP	9606.ENSP00000313967	9606.ENSP00000262629	0	0	0	0	0.826	0	0	0.455	0.901
C1QB	C1QC	9606.ENSP00000313967	9606.ENSP00000363770	0	0	0.426	0.927	0.990	0.907	0.900	0.949	0.999
C1QC	TYROBP	9606.ENSP00000363770	9606.ENSP00000262629	0	0	0	0	0.856	0	0	0.418	0.912
C1QC	C1QB	9606.ENSP00000363770	9606.ENSP00000313967	0	0	0.426	0.927	0.990	0.907	0.900	0.949	0.999
CA2	SLC4A4	9606.ENSP00000285379	9606.ENSP00000393557	0	0	0	0	0.062	0.290	0	0.972	0.980
CCNA2	DLGAP5	9606.ENSP00000274026	9606.ENSP00000247191	0	0	0	0	0.967	0	0	0.465	0.981
CCNA2	NCAPG	9606.ENSP00000274026	9606.ENSP00000251496	0	0	0	0	0.958	0	0	0.461	0.976
CCNA2	CCNB1	9606.ENSP00000274026	9606.ENSP00000256442	0	0	0	0.738	0.969	0.540	0.720	0.915	0.996
CCNA2	KIF11	9606.ENSP00000274026	9606.ENSP00000260731	0	0	0	0	0.976	0.139	0	0.526	0.989
CCNA2	CENPE	9606.ENSP00000274026	9606.ENSP00000265148	0	0	0	0	0.963	0.151	0	0.511	0.983
CCNA2	PLK4	9606.ENSP00000274026	9606.ENSP00000270861	0	0	0	0	0.829	0.082	0	0.441	0.904
CCNA2	SMC4	9606.ENSP00000274026	9606.ENSP00000349961	0	0	0	0	0.819	0.060	0	0.507	0.909
CCNA2	CDCA3	9606.ENSP00000274026	9606.ENSP00000442068	0	0	0	0	0.881	0	0	0.442	0.930
CCNA2	CENPF	9606.ENSP00000274026	9606.ENSP00000355922	0	0	0	0	0.909	0	0	0.499	0.952
CCNA2	KIF4A	9606.ENSP00000274026	9606.ENSP00000363524	0	0	0	0	0.921	0.139	0	0.382	0.954
CCNA2	TPX2	9606.ENSP00000274026	9606.ENSP00000300403	0	0	0	0	0.927	0	0	0.426	0.956
CCNA2	PTTG1	9606.ENSP00000274026	9606.ENSP00000377536	0	0	0	0	0.896	0	0	0.634	0.960
CCNA2	MELK	9606.ENSP00000274026	9606.ENSP00000298048	0	0	0	0	0.930	0.155	0	0.393	0.961
CCNA2	KIAA0101	9606.ENSP00000274026	9606.ENSP00000300035	0	0	0	0	0.959	0	0	0.249	0.967
CCNA2	PBK	9606.ENSP00000274026	9606.ENSP00000428489	0	0	0	0	0.949	0.103	0	0.361	0.968
CCNA2	KIF20A	9606.ENSP00000274026	9606.ENSP00000378356	0	0	0	0	0.938	0.139	0	0.468	0.969
CCNA2	TOP2A	9606.ENSP00000274026	9606.ENSP00000411532	0	0	0	0	0.967	0.056	0	0.575	0.985
CCNA2	ASPM	9606.ENSP00000274026	9606.ENSP00000356379	0	0	0	0	0.976	0.057	0	0.544	0.988
CCNA2	TTK	9606.ENSP00000274026	9606.ENSP00000358813	0	0	0	0	0.979	0.067	0	0.485	0.989
CCNA2	CCNB2	9606.ENSP00000274026	9606.ENSP00000288207	0	0	0	0.743	0.968	0.181	0.540	0.837	0.989
CCNA2	NUSAP1	9606.ENSP00000274026	9606.ENSP00000453403	0	0	0	0	0.981	0	0	0.455	0.989
CCNA2	CKS2	9606.ENSP00000274026	9606.ENSP00000364976	0	0	0	0	0.834	0.903	0.540	0.554	0.996
CCNA2	CDK1	9606.ENSP00000274026	9606.ENSP00000378699	0	0.007	0	0	0.985	0.929	0.900	0.992	0.999
CCNB1	DLGAP5	9606.ENSP00000256442	9606.ENSP00000247191	0	0	0	0	0.976	0	0	0.525	0.988
CCNB1	NCAPG	9606.ENSP00000256442	9606.ENSP00000251496	0	0	0	0	0.868	0	0.900	0.621	0.994
CCNB1	CDCA3	9606.ENSP00000256442	9606.ENSP00000442068	0	0	0	0	0.846	0	0	0.460	0.913
CCNB1	KIAA0101	9606.ENSP00000256442	9606.ENSP00000300035	0	0	0	0	0.892	0	0	0.308	0.922
CCNB1	NUSAP1	9606.ENSP00000256442	9606.ENSP00000453403	0	0	0	0	0.884	0	0	0.504	0.940
CCNB1	CENPE	9606.ENSP00000256442	9606.ENSP00000265148	0	0	0	0	0.829	0.139	0	0.658	0.945
CCNB1	TTK	9606.ENSP00000256442	9606.ENSP00000358813	0	0	0	0	0.875	0.103	0	0.623	0.954
CCNB1	LMNA	9606.ENSP00000256442	9606.ENSP00000357283	0	0.015	0	0	0.145	0	0.900	0.525	0.955
CCNB1	KIF4A	9606.ENSP00000256442	9606.ENSP00000363524	0	0	0	0	0.888	0.139	0	0.586	0.957
CCNB1	MELK	9606.ENSP00000256442	9606.ENSP00000298048	0	0	0	0	0.921	0.183	0	0.471	0.963
CCNB1	TPX2	9606.ENSP00000256442	9606.ENSP00000300403	0	0	0	0	0.945	0	0	0.523	0.973
CCNB1	ASPM	9606.ENSP00000256442	9606.ENSP00000356379	0	0	0	0	0.952	0.057	0	0.473	0.974
CCNB1	PBK	9606.ENSP00000256442	9606.ENSP00000428489	0	0	0	0	0.936	0.263	0	0.494	0.974
CCNB1	SMC4	9606.ENSP00000256442	9606.ENSP00000349961	0	0	0	0	0.617	0.060	0.900	0.428	0.976
CCNB1	PTTG1	9606.ENSP00000256442	9606.ENSP00000377536	0	0	0	0	0.929	0	0	0.792	0.984
CCNB1	CENPF	9606.ENSP00000256442	9606.ENSP00000355922	0	0	0	0	0.849	0	0.720	0.661	0.984
CCNB1	KIF20A	9606.ENSP00000256442	9606.ENSP00000378356	0	0	0	0	0.964	0.139	0	0.611	0.986
CCNB1	KIF11	9606.ENSP00000256442	9606.ENSP00000260731	0	0	0	0	0.935	0.248	0	0.758	0.987
CCNB1	TOP2A	9606.ENSP00000256442	9606.ENSP00000411532	0	0	0	0	0.964	0.056	0	0.689	0.988
CCNB1	CCNA2	9606.ENSP00000256442	9606.ENSP00000274026	0	0	0	0.738	0.969	0.540	0.720	0.915	0.996
CCNB1	CCNB2	9606.ENSP00000256442	9606.ENSP00000288207	0	0	0	0.943	0.955	0.754	0.900	0.856	0.998
CCNB1	CDK1	9606.ENSP00000256442	9606.ENSP00000378699	0	0	0	0	0.968	0.999	0.900	0.995	0.999
CCNB1	CKS2	9606.ENSP00000256442	9606.ENSP00000364976	0	0	0	0	0.880	0.988	0.540	0.703	0.999
CCNB2	DLGAP5	9606.ENSP00000288207	9606.ENSP00000247191	0	0	0	0	0.976	0	0	0.493	0.987
CCNB2	NCAPG	9606.ENSP00000288207	9606.ENSP00000251496	0	0	0	0	0.936	0	0.900	0.517	0.996
CCNB2	CCNB1	9606.ENSP00000288207	9606.ENSP00000256442	0	0	0	0.943	0.955	0.754	0.900	0.856	0.998
CCNB2	KIF11	9606.ENSP00000288207	9606.ENSP00000260731	0	0	0	0	0.964	0.248	0	0.733	0.992
CCNB2	CENPE	9606.ENSP00000288207	9606.ENSP00000265148	0	0	0	0	0.871	0.139	0	0.580	0.949
CCNB2	PLK4	9606.ENSP00000288207	9606.ENSP00000270861	0	0	0	0	0.801	0.082	0	0.517	0.904
CCNB2	CCNA2	9606.ENSP00000288207	9606.ENSP00000274026	0	0	0	0.743	0.968	0.181	0.540	0.837	0.989
CCNB2	KIAA0101	9606.ENSP00000288207	9606.ENSP00000300035	0	0	0	0	0.936	0	0	0.294	0.953
CCNB2	CDCA3	9606.ENSP00000288207	9606.ENSP00000442068	0	0	0	0	0.912	0	0	0.511	0.955
CCNB2	ASPM	9606.ENSP00000288207	9606.ENSP00000356379	0	0	0	0	0.909	0.057	0	0.518	0.955
CCNB2	CENPF	9606.ENSP00000288207	9606.ENSP00000355922	0	0	0	0	0.901	0	0	0.588	0.957
CCNB2	MELK	9606.ENSP00000288207	9606.ENSP00000298048	0	0	0	0	0.918	0.183	0	0.523	0.965
CCNB2	TPX2	9606.ENSP00000288207	9606.ENSP00000300403	0	0	0	0	0.934	0	0	0.500	0.965
CCNB2	KIF4A	9606.ENSP00000288207	9606.ENSP00000363524	0	0	0	0	0.922	0.139	0	0.534	0.966
CCNB2	PBK	9606.ENSP00000288207	9606.ENSP00000428489	0	0	0	0	0.950	0.103	0	0.391	0.970
CCNB2	PTTG1	9606.ENSP00000288207	9606.ENSP00000377536	0	0	0	0	0.934	0	0	0.631	0.974
CCNB2	SMC4	9606.ENSP00000288207	9606.ENSP00000349961	0	0	0	0	0.607	0.060	0.900	0.438	0.976
CCNB2	TTK	9606.ENSP00000288207	9606.ENSP00000358813	0	0	0	0	0.935	0.103	0	0.655	0.978
CCNB2	NUSAP1	9606.ENSP00000288207	9606.ENSP00000453403	0	0	0	0	0.956	0	0	0.563	0.980
CCNB2	KIF20A	9606.ENSP00000288207	9606.ENSP00000378356	0	0	0	0	0.952	0.139	0	0.624	0.983
CCNB2	TOP2A	9606.ENSP00000288207	9606.ENSP00000411532	0	0	0	0	0.969	0.056	0	0.714	0.991
CCNB2	CKS2	9606.ENSP00000288207	9606.ENSP00000364976	0	0	0	0	0.919	0.859	0.540	0.699	0.998
CCNB2	CDK1	9606.ENSP00000288207	9606.ENSP00000378699	0	0	0	0	0.993	0.971	0.900	0.993	0.999
CD14	EHHADH	9606.ENSP00000304236	9606.ENSP00000231887	0	0	0	0	0	0	0.900	0	0.900
CD14	LY96	9606.ENSP00000304236	9606.ENSP00000284818	0	0	0	0	0.152	0	0.900	0.888	0.989
CD14	LY86	9606.ENSP00000304236	9606.ENSP00000369286	0	0	0	0	0.330	0	0.900	0.403	0.956
CD300E	TYROBP	9606.ENSP00000376395	9606.ENSP00000262629	0	0	0	0	0.224	0.242	0.600	0.776	0.940
CD74	HLA-DPB1	9606.ENSP00000009530	9606.ENSP00000408146	0	0	0	0	0.350	0.387	0.600	0.582	0.924
CD74	CXCR4	9606.ENSP00000009530	9606.ENSP00000386884	0	0	0	0	0.098	0.270	0	0.988	0.991
CD74	HLA-DRB1	9606.ENSP00000009530	9606.ENSP00000353099	0	0	0	0	0.871	0.173	0.900	0.535	0.994
CD74	MIF	9606.ENSP00000009530	9606.ENSP00000215754	0	0	0	0	0	0.270	0.600	0.989	0.996
CDCA3	DLGAP5	9606.ENSP00000442068	9606.ENSP00000247191	0	0	0	0	0.891	0	0	0.471	0.940
CDCA3	CCNB1	9606.ENSP00000442068	9606.ENSP00000256442	0	0	0	0	0.846	0	0	0.460	0.913
CDCA3	KIF11	9606.ENSP00000442068	9606.ENSP00000260731	0	0	0	0	0.878	0	0	0.467	0.932
CDCA3	CENPE	9606.ENSP00000442068	9606.ENSP00000265148	0	0	0	0	0.885	0	0	0.327	0.919
CDCA3	CCNA2	9606.ENSP00000442068	9606.ENSP00000274026	0	0	0	0	0.881	0	0	0.442	0.930
CDCA3	CCNB2	9606.ENSP00000442068	9606.ENSP00000288207	0	0	0	0	0.912	0	0	0.511	0.955
CDCA3	KIAA0101	9606.ENSP00000442068	9606.ENSP00000300035	0	0	0	0	0.867	0	0	0.632	0.949
CDCA3	TPX2	9606.ENSP00000442068	9606.ENSP00000300403	0	0	0	0	0.871	0	0	0.345	0.912
CDCA3	ASPM	9606.ENSP00000442068	9606.ENSP00000356379	0	0	0	0	0.918	0	0	0.376	0.947
CDCA3	TTK	9606.ENSP00000442068	9606.ENSP00000358813	0	0	0	0	0.887	0	0	0.338	0.922
CDCA3	KIF4A	9606.ENSP00000442068	9606.ENSP00000363524	0	0	0	0	0.872	0	0	0.334	0.911
CDCA3	PTTG1	9606.ENSP00000442068	9606.ENSP00000377536	0	0	0	0	0.841	0	0	0.407	0.901
CDCA3	KIF20A	9606.ENSP00000442068	9606.ENSP00000378356	0	0	0	0	0.895	0	0	0.503	0.945
CDCA3	CDK1	9606.ENSP00000442068	9606.ENSP00000378699	0	0	0	0	0.942	0	0	0.572	0.974
CDCA3	TOP2A	9606.ENSP00000442068	9606.ENSP00000411532	0	0	0	0	0.943	0	0	0.464	0.968
CDCA3	PBK	9606.ENSP00000442068	9606.ENSP00000428489	0	0	0	0	0.938	0	0	0.367	0.959
CDCA3	NUSAP1	9606.ENSP00000442068	9606.ENSP00000453403	0	0	0	0	0.883	0	0	0.511	0.940
CDK1	DLGAP5	9606.ENSP00000378699	9606.ENSP00000247191	0	0	0	0	0.991	0.347	0	0.505	0.996
CDK1	NCAPG	9606.ENSP00000378699	9606.ENSP00000251496	0	0	0	0	0.992	0.281	0.900	0.538	0.999
CDK1	CCNB1	9606.ENSP00000378699	9606.ENSP00000256442	0	0	0	0	0.968	0.999	0.900	0.995	0.999
CDK1	KIF11	9606.ENSP00000378699	9606.ENSP00000260731	0	0	0	0	0.987	0.559	0	0.835	0.998
CDK1	CENPE	9606.ENSP00000378699	9606.ENSP00000265148	0	0	0	0	0.970	0.162	0	0.683	0.991
CDK1	ANLN	9606.ENSP00000378699	9606.ENSP00000265748	0	0	0	0	0.869	0	0	0.547	0.938
CDK1	CCNA2	9606.ENSP00000378699	9606.ENSP00000274026	0	0.007	0	0	0.985	0.929	0.900	0.992	0.999
CDK1	CCNB2	9606.ENSP00000378699	9606.ENSP00000288207	0	0	0	0	0.993	0.971	0.900	0.993	0.999
CDK1	MELK	9606.ENSP00000378699	9606.ENSP00000298048	0	0	0	0.711	0.982	0.078	0	0.500	0.985
CDK1	KIAA0101	9606.ENSP00000378699	9606.ENSP00000300035	0	0	0	0	0.942	0	0	0.283	0.956
CDK1	TPX2	9606.ENSP00000378699	9606.ENSP00000300403	0	0	0	0	0.927	0	0	0.572	0.967
CDK1	SMC4	9606.ENSP00000378699	9606.ENSP00000349961	0	0	0	0	0.906	0.321	0.900	0.520	0.996
CDK1	CENPF	9606.ENSP00000378699	9606.ENSP00000355922	0	0	0	0	0.858	0	0	0.575	0.937
CDK1	ASPM	9606.ENSP00000378699	9606.ENSP00000356379	0	0	0	0	0.991	0.057	0	0.437	0.994
CDK1	LMNA	9606.ENSP00000378699	9606.ENSP00000357283	0	0	0	0	0.108	0.213	0.900	0.555	0.964
CDK1	TTK	9606.ENSP00000378699	9606.ENSP00000358813	0	0	0	0.650	0.990	0.130	0	0.599	0.993
CDK1	KIF4A	9606.ENSP00000378699	9606.ENSP00000363524	0	0	0	0	0.942	0.152	0	0.668	0.982
CDK1	CKS2	9606.ENSP00000378699	9606.ENSP00000364976	0	0	0	0	0.965	0.994	0.540	0.946	0.999
CDK1	HMMR	9606.ENSP00000378699	9606.ENSP00000377492	0	0	0	0	0.926	0	0	0.325	0.948
CDK1	PTTG1	9606.ENSP00000378699	9606.ENSP00000377536	0	0	0	0	0.941	0.213	0	0.736	0.986
CDK1	KIF20A	9606.ENSP00000378699	9606.ENSP00000378356	0	0	0	0	0.964	0.152	0	0.583	0.986
CDK1	CDCA3	9606.ENSP00000378699	9606.ENSP00000442068	0	0	0	0	0.942	0	0	0.572	0.974
CDK1	NUSAP1	9606.ENSP00000378699	9606.ENSP00000453403	0	0	0	0	0.992	0	0	0.462	0.995
CDK1	TOP2A	9606.ENSP00000378699	9606.ENSP00000411532	0	0	0	0	0.988	0.225	0	0.672	0.996
CDK1	PBK	9606.ENSP00000378699	9606.ENSP00000428489	0	0	0	0	0.989	0.474	0	0.784	0.998
CENPE	DLGAP5	9606.ENSP00000265148	9606.ENSP00000247191	0	0	0	0	0.974	0.056	0	0.538	0.987
CENPE	NCAPG	9606.ENSP00000265148	9606.ENSP00000251496	0	0	0	0	0.967	0.077	0	0.405	0.980
CENPE	CCNB1	9606.ENSP00000265148	9606.ENSP00000256442	0	0	0	0	0.829	0.139	0	0.658	0.945
CENPE	KIF11	9606.ENSP00000265148	9606.ENSP00000260731	0	0	0	0.624	0.969	0.369	0.500	0.903	0.993
CENPE	PLK4	9606.ENSP00000265148	9606.ENSP00000270861	0	0	0	0	0.780	0.369	0	0.422	0.912
CENPE	CDCA3	9606.ENSP00000265148	9606.ENSP00000442068	0	0	0	0	0.885	0	0	0.327	0.919
CENPE	TPX2	9606.ENSP00000265148	9606.ENSP00000300403	0	0	0	0	0.887	0	0	0.508	0.942
CENPE	CCNB2	9606.ENSP00000265148	9606.ENSP00000288207	0	0	0	0	0.871	0.139	0	0.580	0.949
CENPE	SMC4	9606.ENSP00000265148	9606.ENSP00000349961	0	0	0	0	0.940	0.122	0	0.418	0.967
CENPE	KIF4A	9606.ENSP00000265148	9606.ENSP00000363524	0	0	0	0.631	0.917	0	0.500	0.800	0.969
CENPE	NUSAP1	9606.ENSP00000265148	9606.ENSP00000453403	0	0	0	0	0.956	0	0	0.427	0.974
CENPE	KIF20A	9606.ENSP00000265148	9606.ENSP00000378356	0	0	0	0.572	0.923	0.270	0.500	0.643	0.977
CENPE	TOP2A	9606.ENSP00000265148	9606.ENSP00000411532	0	0	0	0	0.959	0	0	0.538	0.980
CENPE	CCNA2	9606.ENSP00000265148	9606.ENSP00000274026	0	0	0	0	0.963	0.151	0	0.511	0.983
CENPE	CDK1	9606.ENSP00000265148	9606.ENSP00000378699	0	0	0	0	0.970	0.162	0	0.683	0.991
CENPE	TTK	9606.ENSP00000265148	9606.ENSP00000358813	0	0	0	0	0.983	0.150	0	0.583	0.993
CENPE	ASPM	9606.ENSP00000265148	9606.ENSP00000356379	0	0	0	0	0.985	0.243	0	0.546	0.994
CENPE	CENPF	9606.ENSP00000265148	9606.ENSP00000355922	0	0	0	0	0.958	0.192	0	0.891	0.995
CENPF	DLGAP5	9606.ENSP00000355922	9606.ENSP00000247191	0	0	0	0	0.931	0	0	0.568	0.969
CENPF	NCAPG	9606.ENSP00000355922	9606.ENSP00000251496	0	0	0	0	0.923	0	0	0.525	0.961
CENPF	CCNB1	9606.ENSP00000355922	9606.ENSP00000256442	0	0	0	0	0.849	0	0.720	0.661	0.984
CENPF	KIF11	9606.ENSP00000355922	9606.ENSP00000260731	0	0	0	0	0.925	0	0	0.563	0.966
CENPF	CENPE	9606.ENSP00000355922	9606.ENSP00000265148	0	0	0	0	0.958	0.192	0	0.891	0.995
CENPF	ANLN	9606.ENSP00000355922	9606.ENSP00000265748	0	0	0	0	0.805	0.270	0	0.512	0.924
CENPF	CCNA2	9606.ENSP00000355922	9606.ENSP00000274026	0	0	0	0	0.909	0	0	0.499	0.952
CENPF	CCNB2	9606.ENSP00000355922	9606.ENSP00000288207	0	0	0	0	0.901	0	0	0.588	0.957
CENPF	MELK	9606.ENSP00000355922	9606.ENSP00000298048	0	0	0	0	0.874	0	0	0.508	0.935
CENPF	TPX2	9606.ENSP00000355922	9606.ENSP00000300403	0	0	0	0	0.892	0	0	0.559	0.950
CENPF	KIF4A	9606.ENSP00000355922	9606.ENSP00000363524	0	0	0	0	0.842	0	0	0.500	0.917
CENPF	HMMR	9606.ENSP00000355922	9606.ENSP00000377492	0	0	0	0	0.880	0	0	0.459	0.932
CENPF	CDK1	9606.ENSP00000355922	9606.ENSP00000378699	0	0	0	0	0.858	0	0	0.575	0.937
CENPF	PTTG1	9606.ENSP00000355922	9606.ENSP00000377536	0	0	0	0	0.856	0	0	0.608	0.941
CENPF	PBK	9606.ENSP00000355922	9606.ENSP00000428489	0	0	0	0	0.916	0	0	0.459	0.952
CENPF	KIF20A	9606.ENSP00000355922	9606.ENSP00000378356	0	0	0	0	0.926	0	0	0.522	0.963
CENPF	TTK	9606.ENSP00000355922	9606.ENSP00000358813	0	0	0	0	0.935	0	0	0.517	0.967
CENPF	NUSAP1	9606.ENSP00000355922	9606.ENSP00000453403	0	0	0	0	0.950	0	0	0.561	0.977
CENPF	ASPM	9606.ENSP00000355922	9606.ENSP00000356379	0	0	0	0	0.962	0	0	0.629	0.985
CENPF	TOP2A	9606.ENSP00000355922	9606.ENSP00000411532	0	0	0	0	0.963	0	0	0.641	0.986
CKS2	NCAPG	9606.ENSP00000364976	9606.ENSP00000251496	0	0	0	0	0.918	0	0	0.375	0.946
CKS2	CCNB1	9606.ENSP00000364976	9606.ENSP00000256442	0	0	0	0	0.880	0.988	0.540	0.703	0.999
CKS2	CCNA2	9606.ENSP00000364976	9606.ENSP00000274026	0	0	0	0	0.834	0.903	0.540	0.554	0.996
CKS2	CCNB2	9606.ENSP00000364976	9606.ENSP00000288207	0	0	0	0	0.919	0.859	0.540	0.699	0.998
CKS2	ASPM	9606.ENSP00000364976	9606.ENSP00000356379	0	0	0	0	0.917	0	0	0.143	0.926
CKS2	TTK	9606.ENSP00000364976	9606.ENSP00000358813	0	0	0	0	0.870	0.104	0	0.459	0.931
CKS2	TOP2A	9606.ENSP00000364976	9606.ENSP00000411532	0	0	0	0	0.824	0	0	0.497	0.908
CKS2	PTTG1	9606.ENSP00000364976	9606.ENSP00000377536	0	0	0	0	0.848	0	0	0.438	0.911
CKS2	NUSAP1	9606.ENSP00000364976	9606.ENSP00000453403	0	0	0	0	0.849	0	0	0.511	0.923
CKS2	CDK1	9606.ENSP00000364976	9606.ENSP00000378699	0	0	0	0	0.965	0.994	0.540	0.946	0.999
CMIP	FLNA	9606.ENSP00000446100	9606.ENSP00000358866	0	0	0	0	0	0.270	0	0.887	0.914
COL5A1	PCOLCE	9606.ENSP00000360882	9606.ENSP00000223061	0	0	0	0	0.374	0.497	0.900	0.480	0.981
COL5A1	PCOLCE2	9606.ENSP00000360882	9606.ENSP00000295992	0	0	0	0	0.076	0	0.900	0.356	0.935
CXCL12	CXCR4	9606.ENSP00000379140	9606.ENSP00000386884	0	0	0	0	0	0.848	0.900	0.990	0.999
CXCR4	CD74	9606.ENSP00000386884	9606.ENSP00000009530	0	0	0	0	0.098	0.270	0	0.988	0.991
CXCR4	MIF	9606.ENSP00000386884	9606.ENSP00000215754	0	0	0	0	0	0	0	0.980	0.980
CXCR4	EGFR	9606.ENSP00000386884	9606.ENSP00000275493	0	0	0	0	0	0.061	0	0.912	0.914
CXCR4	S1PR3	9606.ENSP00000386884	9606.ENSP00000365006	0	0	0	0	0.062	0	0.900	0.471	0.946
CXCR4	CXCL12	9606.ENSP00000386884	9606.ENSP00000379140	0	0	0	0	0	0.848	0.900	0.990	0.999
DLGAP5	MAMLD1	9606.ENSP00000247191	9606.ENSP00000414517	0	0	0	0	0	0	0.900	0	0.900
DLGAP5	CDCA3	9606.ENSP00000247191	9606.ENSP00000442068	0	0	0	0	0.891	0	0	0.471	0.940
DLGAP5	KIAA0101	9606.ENSP00000247191	9606.ENSP00000300035	0	0	0	0	0.894	0	0	0.501	0.945
DLGAP5	ANLN	9606.ENSP00000247191	9606.ENSP00000265748	0	0	0	0	0.908	0	0	0.446	0.947
DLGAP5	PTTG1	9606.ENSP00000247191	9606.ENSP00000377536	0	0	0	0	0.922	0	0	0.507	0.959
DLGAP5	KIF4A	9606.ENSP00000247191	9606.ENSP00000363524	0	0	0	0	0.939	0.056	0	0.515	0.969
DLGAP5	CENPF	9606.ENSP00000247191	9606.ENSP00000355922	0	0	0	0	0.931	0	0	0.568	0.969
DLGAP5	MELK	9606.ENSP00000247191	9606.ENSP00000298048	0	0	0	0	0.942	0	0	0.506	0.970
DLGAP5	HMMR	9606.ENSP00000247191	9606.ENSP00000377492	0	0	0	0	0.956	0	0	0.527	0.978
DLGAP5	PBK	9606.ENSP00000247191	9606.ENSP00000428489	0	0	0	0	0.958	0.056	0	0.523	0.979
DLGAP5	CCNA2	9606.ENSP00000247191	9606.ENSP00000274026	0	0	0	0	0.967	0	0	0.465	0.981
DLGAP5	KIF20A	9606.ENSP00000247191	9606.ENSP00000378356	0	0	0	0	0.963	0.056	0	0.528	0.982
DLGAP5	NCAPG	9606.ENSP00000247191	9606.ENSP00000251496	0	0	0	0	0.976	0	0	0.510	0.987
DLGAP5	CCNB2	9606.ENSP00000247191	9606.ENSP00000288207	0	0	0	0	0.976	0	0	0.493	0.987
DLGAP5	CENPE	9606.ENSP00000247191	9606.ENSP00000265148	0	0	0	0	0.974	0.056	0	0.538	0.987
DLGAP5	CCNB1	9606.ENSP00000247191	9606.ENSP00000256442	0	0	0	0	0.976	0	0	0.525	0.988
DLGAP5	TOP2A	9606.ENSP00000247191	9606.ENSP00000411532	0	0	0	0	0.979	0	0	0.556	0.990
DLGAP5	TTK	9606.ENSP00000247191	9606.ENSP00000358813	0	0	0	0	0.982	0	0	0.520	0.991
DLGAP5	ASPM	9606.ENSP00000247191	9606.ENSP00000356379	0	0	0	0	0.982	0	0	0.558	0.992
DLGAP5	NUSAP1	9606.ENSP00000247191	9606.ENSP00000453403	0	0	0	0	0.955	0	0	0.829	0.992
DLGAP5	CDK1	9606.ENSP00000247191	9606.ENSP00000378699	0	0	0	0	0.991	0.347	0	0.505	0.996
DLGAP5	TPX2	9606.ENSP00000247191	9606.ENSP00000300403	0	0	0	0	0.964	0	0	0.900	0.996
DLGAP5	KIF11	9606.ENSP00000247191	9606.ENSP00000260731	0	0	0	0	0.978	0.056	0	0.959	0.999
DMD	LAMA4	9606.ENSP00000354923	9606.ENSP00000230538	0	0	0	0	0.061	0	0.900	0.302	0.928
DMD	SGCA	9606.ENSP00000354923	9606.ENSP00000262018	0	0	0	0	0.062	0.561	0.720	0.981	0.997
DMD	DTNA	9606.ENSP00000354923	9606.ENSP00000470152	0	0	0	0.662	0.090	0.909	0	0.992	0.942
DMD	LAMA2	9606.ENSP00000354923	9606.ENSP00000400365	0	0	0	0	0.081	0	0.900	0.861	0.986
DTNA	DMD	9606.ENSP00000470152	9606.ENSP00000354923	0	0	0	0.662	0.090	0.909	0	0.992	0.942
DTNA	SYNC	9606.ENSP00000470152	9606.ENSP00000386439	0	0	0	0	0	0.213	0	0.940	0.951
EDNRA	EGFR	9606.ENSP00000315011	9606.ENSP00000275493	0	0	0	0	0.161	0.061	0.900	0.293	0.936
EGFR	CXCR4	9606.ENSP00000275493	9606.ENSP00000386884	0	0	0	0	0	0.061	0	0.912	0.914
EGFR	LPAR1	9606.ENSP00000275493	9606.ENSP00000363553	0	0	0	0	0.111	0.061	0.900	0.319	0.935
EGFR	EDNRA	9606.ENSP00000275493	9606.ENSP00000315011	0	0	0	0	0.161	0.061	0.900	0.293	0.936
EGFR	NNMT	9606.ENSP00000275493	9606.ENSP00000441434	0	0	0	0	0.945	0.071	0	0.154	0.952
EGFR	FOS	9606.ENSP00000275493	9606.ENSP00000306245	0	0	0	0	0	0.406	0.900	0.655	0.977
EGFR	NRG1	9606.ENSP00000275493	9606.ENSP00000384620	0	0	0	0	0.076	0.754	0.900	0.990	0.999
EGR2	FOS	9606.ENSP00000242480	9606.ENSP00000306245	0	0	0	0	0.269	0.062	0.650	0.689	0.915
EHHADH	CD14	9606.ENSP00000231887	9606.ENSP00000304236	0	0	0	0	0	0	0.900	0	0.900
EHHADH	LY96	9606.ENSP00000231887	9606.ENSP00000284818	0	0	0	0	0	0	0.900	0	0.900
EHHADH	AOX1	9606.ENSP00000231887	9606.ENSP00000363832	0	0	0	0	0.062	0	0.900	0.175	0.915
EHHADH	ALDH2	9606.ENSP00000231887	9606.ENSP00000261733	0.042	0	0	0	0.064	0.070	0.900	0.304	0.931
EHHADH	PPARGC1A	9606.ENSP00000231887	9606.ENSP00000264867	0	0	0	0	0	0	0.900	0.381	0.935
EHHADH	ACADSB	9606.ENSP00000231887	9606.ENSP00000357873	0.049	0	0	0	0.122	0.199	0.900	0.574	0.966
EHHADH	ACAT1	9606.ENSP00000231887	9606.ENSP00000265838	0.057	0.025	0	0	0.127	0.251	0.900	0.565	0.968
ENPP2	LPAR1	9606.ENSP00000259486	9606.ENSP00000363553	0	0	0	0	0.105	0.270	0	0.924	0.946
EPB41L3	SPTBN1	9606.ENSP00000343158	9606.ENSP00000349259	0	0	0	0	0.157	0.317	0	0.879	0.925
FCER1G	TYROBP	9606.ENSP00000289902	9606.ENSP00000262629	0	0	0	0	0.893	0	0	0.836	0.981
FCER1G	FOS	9606.ENSP00000289902	9606.ENSP00000306245	0	0	0	0	0.060	0	0.900	0.157	0.913
FCER1G	HCLS1	9606.ENSP00000289902	9606.ENSP00000320176	0	0	0	0	0.306	0	0.900	0	0.927
FCER1G	LAT2	9606.ENSP00000289902	9606.ENSP00000420494	0	0	0	0	0.175	0	0.900	0.295	0.936
FLNA	PLEK	9606.ENSP00000358866	9606.ENSP00000234313	0	0	0	0	0	0.056	0.900	0.583	0.957
FLNA	ANXA5	9606.ENSP00000358866	9606.ENSP00000296511	0	0	0	0	0.091	0.076	0.900	0.273	0.930
FLNA	CMIP	9606.ENSP00000358866	9606.ENSP00000446100	0	0	0	0	0	0.270	0	0.887	0.914
FOS	MAPK14	9606.ENSP00000306245	9606.ENSP00000229795	0	0	0	0	0	0.248	0.900	0.592	0.966
FOS	EGR2	9606.ENSP00000306245	9606.ENSP00000242480	0	0	0	0	0.269	0.062	0.650	0.689	0.915
FOS	EGFR	9606.ENSP00000306245	9606.ENSP00000275493	0	0	0	0	0	0.406	0.900	0.655	0.977
FOS	PPARG	9606.ENSP00000306245	9606.ENSP00000287820	0	0	0	0	0	0.082	0.900	0.605	0.960
FOS	FCER1G	9606.ENSP00000306245	9606.ENSP00000289902	0	0	0	0	0.060	0	0.900	0.157	0.913
FOS	LPAR1	9606.ENSP00000306245	9606.ENSP00000363553	0	0	0	0	0	0	0.900	0.183	0.914
FOS	TSC22D3	9606.ENSP00000306245	9606.ENSP00000361458	0	0	0	0	0.076	0.270	0	0.901	0.927
FOS	FOXO1	9606.ENSP00000306245	9606.ENSP00000368880	0	0	0	0	0	0.057	0.900	0.433	0.941
FOS	LMNA	9606.ENSP00000306245	9606.ENSP00000357283	0	0	0	0	0	0.213	0	0.956	0.964
FOXO1	PPARGC1A	9606.ENSP00000368880	9606.ENSP00000264867	0	0	0	0	0	0.061	0.800	0.989	0.997
FOXO1	PML	9606.ENSP00000368880	9606.ENSP00000268058	0	0	0	0	0	0.281	0	0.948	0.961
FOXO1	PPARG	9606.ENSP00000368880	9606.ENSP00000287820	0	0	0	0	0	0.230	0	0.925	0.940
FOXO1	FOS	9606.ENSP00000368880	9606.ENSP00000306245	0	0	0	0	0	0.057	0.900	0.433	0.941
FYB	HLA-DRB1	9606.ENSP00000427114	9606.ENSP00000353099	0	0	0	0	0.173	0	0.900	0.090	0.918
GFRA1	NCAM1	9606.ENSP00000347591	9606.ENSP00000480132	0	0	0	0	0.066	0.213	0.500	0.898	0.957
GHRL	ACHE	9606.ENSP00000335074	9606.ENSP00000303211	0	0	0	0	0	0	0.900	0.263	0.923
GPC3	HS3ST1	9606.ENSP00000377836	9606.ENSP00000002596	0	0	0	0	0	0.070	0.900	0.458	0.945
HCLS1	FCER1G	9606.ENSP00000320176	9606.ENSP00000289902	0	0	0	0	0.306	0	0.900	0	0.927
HCST	TYROBP	9606.ENSP00000246551	9606.ENSP00000262629	0	0	0	0	0.783	0.373	0	0.968	0.995
HLA-C	OAS2	9606.ENSP00000365402	9606.ENSP00000342278	0	0	0	0	0.097	0	0.900	0.170	0.918
HLA-C	HLA-DRB1	9606.ENSP00000365402	9606.ENSP00000353099	0	0	0	0.600	0.130	0	0.900	0.861	0.940
HLA-C	IRF6	9606.ENSP00000365402	9606.ENSP00000355988	0	0	0	0	0	0	0.900	0.047	0.900
HLA-C	IFITM2	9606.ENSP00000365402	9606.ENSP00000484689	0	0	0	0	0.092	0	0.900	0.069	0.908
HLA-C	IFITM3	9606.ENSP00000365402	9606.ENSP00000382707	0	0	0	0	0.078	0	0.900	0.134	0.913
HLA-C	IFITM1	9606.ENSP00000365402	9606.ENSP00000386187	0	0	0	0	0.098	0	0.900	0.123	0.913
HLA-C	ISG15	9606.ENSP00000365402	9606.ENSP00000368699	0	0	0	0	0.098	0	0.900	0.166	0.918
HLA-C	HLA-DPB1	9606.ENSP00000365402	9606.ENSP00000408146	0	0	0	0.613	0.095	0	0.900	0.807	0.934
HLA-DPB1	CD74	9606.ENSP00000408146	9606.ENSP00000009530	0	0	0	0	0.350	0.387	0.600	0.582	0.924
HLA-DPB1	HLA-DRB1	9606.ENSP00000408146	9606.ENSP00000353099	0	0	0	0.962	0.347	0	0.900	0.871	0.934
HLA-DPB1	HLA-C	9606.ENSP00000408146	9606.ENSP00000365402	0	0	0	0.613	0.095	0	0.900	0.807	0.934
HLA-DRB1	CD74	9606.ENSP00000353099	9606.ENSP00000009530	0	0	0	0	0.871	0.173	0.900	0.535	0.994
HLA-DRB1	FYB	9606.ENSP00000353099	9606.ENSP00000427114	0	0	0	0	0.173	0	0.900	0.090	0.918
HLA-DRB1	HLA-DPB1	9606.ENSP00000353099	9606.ENSP00000408146	0	0	0	0.962	0.347	0	0.900	0.871	0.934
HLA-DRB1	RGS1	9606.ENSP00000353099	9606.ENSP00000356429	0	0	0	0	0.223	0	0.900	0.284	0.939
HLA-DRB1	HLA-C	9606.ENSP00000353099	9606.ENSP00000365402	0	0	0	0.600	0.130	0	0.900	0.861	0.940
HMMR	DLGAP5	9606.ENSP00000377492	9606.ENSP00000247191	0	0	0	0	0.956	0	0	0.527	0.978
HMMR	NCAPG	9606.ENSP00000377492	9606.ENSP00000251496	0	0	0	0	0.929	0	0	0.261	0.945
HMMR	ANLN	9606.ENSP00000377492	9606.ENSP00000265748	0	0	0	0	0.843	0	0	0.408	0.903
HMMR	TPX2	9606.ENSP00000377492	9606.ENSP00000300403	0	0	0	0	0.837	0.462	0	0.779	0.979
HMMR	CENPF	9606.ENSP00000377492	9606.ENSP00000355922	0	0	0	0	0.880	0	0	0.459	0.932
HMMR	ASPM	9606.ENSP00000377492	9606.ENSP00000356379	0	0	0	0	0.931	0	0	0.415	0.958
HMMR	KIF20A	9606.ENSP00000377492	9606.ENSP00000378356	0	0	0	0	0.845	0	0	0.391	0.901
HMMR	NUSAP1	9606.ENSP00000377492	9606.ENSP00000453403	0	0	0	0	0.834	0	0	0.541	0.921
HMMR	TOP2A	9606.ENSP00000377492	9606.ENSP00000411532	0	0	0	0	0.850	0	0	0.510	0.923
HMMR	PTTG1	9606.ENSP00000377492	9606.ENSP00000377536	0	0	0	0	0.900	0	0	0.306	0.927
HMMR	PBK	9606.ENSP00000377492	9606.ENSP00000428489	0	0	0	0	0.911	0	0	0.391	0.943
HMMR	CDK1	9606.ENSP00000377492	9606.ENSP00000378699	0	0	0	0	0.926	0	0	0.325	0.948
HS3ST1	GPC3	9606.ENSP00000002596	9606.ENSP00000377836	0	0	0	0	0	0.070	0.900	0.458	0.945
IFITM1	OAS2	9606.ENSP00000386187	9606.ENSP00000342278	0	0	0	0	0.525	0	0.900	0.647	0.981
IFITM1	IRF6	9606.ENSP00000386187	9606.ENSP00000355988	0	0	0	0	0	0	0.900	0.143	0.910
IFITM1	HLA-C	9606.ENSP00000386187	9606.ENSP00000365402	0	0	0	0	0.098	0	0.900	0.123	0.913
IFITM1	ISG15	9606.ENSP00000386187	9606.ENSP00000368699	0	0	0	0	0.686	0	0.900	0.687	0.989
IFITM1	IFITM3	9606.ENSP00000386187	9606.ENSP00000382707	0	0	0	0.964	0.740	0	0.900	0.804	0.973
IFITM1	IFITM2	9606.ENSP00000386187	9606.ENSP00000484689	0	0	0	0.962	0.832	0	0.900	0.801	0.983
IFITM2	OAS2	9606.ENSP00000484689	9606.ENSP00000342278	0	0	0	0	0.097	0	0.900	0.392	0.940
IFITM2	IRF6	9606.ENSP00000484689	9606.ENSP00000355988	0	0	0	0	0	0	0.900	0.059	0.901
IFITM2	HLA-C	9606.ENSP00000484689	9606.ENSP00000365402	0	0	0	0	0.092	0	0.900	0.069	0.908
IFITM2	ISG15	9606.ENSP00000484689	9606.ENSP00000368699	0	0	0	0	0.261	0	0.900	0.539	0.963
IFITM2	IFITM3	9606.ENSP00000484689	9606.ENSP00000382707	0	0	0	0.981	0.892	0	0.900	0.837	0.988
IFITM2	IFITM1	9606.ENSP00000484689	9606.ENSP00000386187	0	0	0	0.962	0.832	0	0.900	0.801	0.983
IFITM3	OAS2	9606.ENSP00000382707	9606.ENSP00000342278	0	0	0	0	0.120	0	0.900	0.535	0.955
IFITM3	IRF6	9606.ENSP00000382707	9606.ENSP00000355988	0	0	0	0	0	0	0.900	0.140	0.910
IFITM3	HLA-C	9606.ENSP00000382707	9606.ENSP00000365402	0	0	0	0	0.078	0	0.900	0.134	0.913
IFITM3	ISG15	9606.ENSP00000382707	9606.ENSP00000368699	0	0	0	0	0.386	0	0.900	0.676	0.978
IFITM3	IFITM1	9606.ENSP00000382707	9606.ENSP00000386187	0	0	0	0.964	0.740	0	0.900	0.804	0.973
IFITM3	IFITM2	9606.ENSP00000382707	9606.ENSP00000484689	0	0	0	0.981	0.892	0	0.900	0.837	0.988
IRF6	OAS2	9606.ENSP00000355988	9606.ENSP00000342278	0	0	0	0	0	0	0.900	0.150	0.911
IRF6	HLA-C	9606.ENSP00000355988	9606.ENSP00000365402	0	0	0	0	0	0	0.900	0.047	0.900
IRF6	IFITM2	9606.ENSP00000355988	9606.ENSP00000484689	0	0	0	0	0	0	0.900	0.059	0.901
IRF6	IFITM1	9606.ENSP00000355988	9606.ENSP00000386187	0	0	0	0	0	0	0.900	0.143	0.910
IRF6	IFITM3	9606.ENSP00000355988	9606.ENSP00000382707	0	0	0	0	0	0	0.900	0.140	0.910
IRF6	ISG15	9606.ENSP00000355988	9606.ENSP00000368699	0	0	0	0	0	0.070	0.900	0.216	0.920
ISG15	OAS2	9606.ENSP00000368699	9606.ENSP00000342278	0	0	0	0	0.785	0	0.900	0.759	0.994
ISG15	IRF6	9606.ENSP00000368699	9606.ENSP00000355988	0	0	0	0	0	0.070	0.900	0.216	0.920
ISG15	HLA-C	9606.ENSP00000368699	9606.ENSP00000365402	0	0	0	0	0.098	0	0.900	0.166	0.918
ISG15	IFITM2	9606.ENSP00000368699	9606.ENSP00000484689	0	0	0	0	0.261	0	0.900	0.539	0.963
ISG15	IFITM3	9606.ENSP00000368699	9606.ENSP00000382707	0	0	0	0	0.386	0	0.900	0.676	0.978
ISG15	IFITM1	9606.ENSP00000368699	9606.ENSP00000386187	0	0	0	0	0.686	0	0.900	0.687	0.989
ITGB2	TYROBP	9606.ENSP00000380948	9606.ENSP00000262629	0	0	0	0	0.851	0	0	0.451	0.915
KIAA0101	DLGAP5	9606.ENSP00000300035	9606.ENSP00000247191	0	0	0	0	0.894	0	0	0.501	0.945
KIAA0101	CCNB1	9606.ENSP00000300035	9606.ENSP00000256442	0	0	0	0	0.892	0	0	0.308	0.922
KIAA0101	KIF11	9606.ENSP00000300035	9606.ENSP00000260731	0	0	0	0	0.935	0	0	0.307	0.953
KIAA0101	CCNA2	9606.ENSP00000300035	9606.ENSP00000274026	0	0	0	0	0.959	0	0	0.249	0.967
KIAA0101	CCNB2	9606.ENSP00000300035	9606.ENSP00000288207	0	0	0	0	0.936	0	0	0.294	0.953
KIAA0101	MELK	9606.ENSP00000300035	9606.ENSP00000298048	0	0	0	0	0.868	0	0	0.391	0.916
KIAA0101	TTK	9606.ENSP00000300035	9606.ENSP00000358813	0	0	0	0	0.890	0	0	0.312	0.921
KIAA0101	NUSAP1	9606.ENSP00000300035	9606.ENSP00000453403	0	0	0	0	0.891	0	0	0.517	0.945
KIAA0101	ASPM	9606.ENSP00000300035	9606.ENSP00000356379	0	0	0	0	0.907	0	0	0.475	0.949
KIAA0101	CDCA3	9606.ENSP00000300035	9606.ENSP00000442068	0	0	0	0	0.867	0	0	0.632	0.949
KIAA0101	KIF20A	9606.ENSP00000300035	9606.ENSP00000378356	0	0	0	0	0.919	0	0	0.391	0.949
KIAA0101	CDK1	9606.ENSP00000300035	9606.ENSP00000378699	0	0	0	0	0.942	0	0	0.283	0.956
KIAA0101	TOP2A	9606.ENSP00000300035	9606.ENSP00000411532	0	0	0	0	0.959	0	0	0.420	0.975
KIF11	DLGAP5	9606.ENSP00000260731	9606.ENSP00000247191	0	0	0	0	0.978	0.056	0	0.959	0.999
KIF11	NCAPG	9606.ENSP00000260731	9606.ENSP00000251496	0	0	0	0	0.985	0.155	0	0.508	0.993
KIF11	CCNB1	9606.ENSP00000260731	9606.ENSP00000256442	0	0	0	0	0.935	0.248	0	0.758	0.987
KIF11	PTTG1	9606.ENSP00000260731	9606.ENSP00000377536	0	0	0	0	0.800	0	0	0.535	0.903
KIF11	CDCA3	9606.ENSP00000260731	9606.ENSP00000442068	0	0	0	0	0.878	0	0	0.467	0.932
KIF11	MELK	9606.ENSP00000260731	9606.ENSP00000298048	0	0	0	0	0.907	0	0	0.385	0.940
KIF11	KIAA0101	9606.ENSP00000260731	9606.ENSP00000300035	0	0	0	0	0.935	0	0	0.307	0.953
KIF11	PLK4	9606.ENSP00000260731	9606.ENSP00000270861	0	0	0	0	0.879	0.143	0	0.604	0.955
KIF11	CENPF	9606.ENSP00000260731	9606.ENSP00000355922	0	0	0	0	0.925	0	0	0.563	0.966
KIF11	PBK	9606.ENSP00000260731	9606.ENSP00000428489	0	0	0	0	0.942	0.104	0	0.437	0.968
KIF11	ANLN	9606.ENSP00000260731	9606.ENSP00000265748	0	0	0	0	0.943	0.070	0	0.493	0.970
KIF11	SMC4	9606.ENSP00000260731	9606.ENSP00000349961	0	0	0	0	0.966	0.122	0	0.435	0.981
KIF11	KIF4A	9606.ENSP00000260731	9606.ENSP00000363524	0	0	0	0.649	0.959	0	0.500	0.826	0.984
KIF11	TOP2A	9606.ENSP00000260731	9606.ENSP00000411532	0	0	0	0	0.968	0	0	0.624	0.987
KIF11	CCNA2	9606.ENSP00000260731	9606.ENSP00000274026	0	0	0	0	0.976	0.139	0	0.526	0.989
KIF11	KIF20A	9606.ENSP00000260731	9606.ENSP00000378356	0	0	0	0.580	0.966	0.139	0.500	0.749	0.989
KIF11	CCNB2	9606.ENSP00000260731	9606.ENSP00000288207	0	0	0	0	0.964	0.248	0	0.733	0.992
KIF11	NUSAP1	9606.ENSP00000260731	9606.ENSP00000453403	0	0	0	0	0.986	0	0	0.578	0.993
KIF11	CENPE	9606.ENSP00000260731	9606.ENSP00000265148	0	0	0	0.624	0.969	0.369	0.500	0.903	0.993
KIF11	TTK	9606.ENSP00000260731	9606.ENSP00000358813	0	0	0	0	0.980	0.348	0	0.666	0.995
KIF11	ASPM	9606.ENSP00000260731	9606.ENSP00000356379	0	0	0	0	0.989	0.243	0	0.654	0.996
KIF11	TPX2	9606.ENSP00000260731	9606.ENSP00000300403	0	0	0	0	0.958	0	0	0.934	0.997
KIF11	CDK1	9606.ENSP00000260731	9606.ENSP00000378699	0	0	0	0	0.987	0.559	0	0.835	0.998
KIF20A	DLGAP5	9606.ENSP00000378356	9606.ENSP00000247191	0	0	0	0	0.963	0.056	0	0.528	0.982
KIF20A	NCAPG	9606.ENSP00000378356	9606.ENSP00000251496	0	0	0	0	0.948	0.077	0	0.471	0.972
KIF20A	CCNB1	9606.ENSP00000378356	9606.ENSP00000256442	0	0	0	0	0.964	0.139	0	0.611	0.986
KIF20A	KIF11	9606.ENSP00000378356	9606.ENSP00000260731	0	0	0	0.580	0.966	0.139	0.500	0.749	0.989
KIF20A	CENPE	9606.ENSP00000378356	9606.ENSP00000265148	0	0	0	0.572	0.923	0.270	0.500	0.643	0.977
KIF20A	ANLN	9606.ENSP00000378356	9606.ENSP00000265748	0	0	0	0	0.855	0.351	0	0.647	0.964
KIF20A	CCNA2	9606.ENSP00000378356	9606.ENSP00000274026	0	0	0	0	0.938	0.139	0	0.468	0.969
KIF20A	CCNB2	9606.ENSP00000378356	9606.ENSP00000288207	0	0	0	0	0.952	0.139	0	0.624	0.983
KIF20A	MELK	9606.ENSP00000378356	9606.ENSP00000298048	0	0	0	0	0.909	0	0	0.427	0.945
KIF20A	KIAA0101	9606.ENSP00000378356	9606.ENSP00000300035	0	0	0	0	0.919	0	0	0.391	0.949
KIF20A	TPX2	9606.ENSP00000378356	9606.ENSP00000300403	0	0	0	0	0.958	0.270	0	0.560	0.985
KIF20A	CENPF	9606.ENSP00000378356	9606.ENSP00000355922	0	0	0	0	0.926	0	0	0.522	0.963
KIF20A	ASPM	9606.ENSP00000378356	9606.ENSP00000356379	0	0	0	0	0.915	0.252	0	0.591	0.971
KIF20A	TTK	9606.ENSP00000378356	9606.ENSP00000358813	0	0	0	0	0.920	0.150	0	0.529	0.965
KIF20A	KIF4A	9606.ENSP00000378356	9606.ENSP00000363524	0	0	0	0.579	0.931	0.066	0.500	0.848	0.977
KIF20A	HMMR	9606.ENSP00000378356	9606.ENSP00000377492	0	0	0	0	0.845	0	0	0.391	0.901
KIF20A	PTTG1	9606.ENSP00000378356	9606.ENSP00000377536	0	0	0	0	0.916	0	0	0.437	0.951
KIF20A	CDCA3	9606.ENSP00000378356	9606.ENSP00000442068	0	0	0	0	0.895	0	0	0.503	0.945
KIF20A	PBK	9606.ENSP00000378356	9606.ENSP00000428489	0	0	0	0	0.935	0.104	0	0.455	0.966
KIF20A	NUSAP1	9606.ENSP00000378356	9606.ENSP00000453403	0	0	0	0	0.938	0.270	0	0.527	0.977
KIF20A	CDK1	9606.ENSP00000378356	9606.ENSP00000378699	0	0	0	0	0.964	0.152	0	0.583	0.986
KIF20A	TOP2A	9606.ENSP00000378356	9606.ENSP00000411532	0	0	0	0	0.972	0.270	0	0.541	0.990
KIF4A	DLGAP5	9606.ENSP00000363524	9606.ENSP00000247191	0	0	0	0	0.939	0.056	0	0.515	0.969
KIF4A	NCAPG	9606.ENSP00000363524	9606.ENSP00000251496	0	0	0	0	0.887	0.077	0	0.525	0.946
KIF4A	CCNB1	9606.ENSP00000363524	9606.ENSP00000256442	0	0	0	0	0.888	0.139	0	0.586	0.957
KIF4A	KIF11	9606.ENSP00000363524	9606.ENSP00000260731	0	0	0	0.649	0.959	0	0.500	0.826	0.984
KIF4A	CENPE	9606.ENSP00000363524	9606.ENSP00000265148	0	0	0	0.631	0.917	0	0.500	0.800	0.969
KIF4A	ANLN	9606.ENSP00000363524	9606.ENSP00000265748	0	0	0	0	0.796	0.070	0	0.614	0.920
KIF4A	CCNA2	9606.ENSP00000363524	9606.ENSP00000274026	0	0	0	0	0.921	0.139	0	0.382	0.954
KIF4A	CCNB2	9606.ENSP00000363524	9606.ENSP00000288207	0	0	0	0	0.922	0.139	0	0.534	0.966
KIF4A	MELK	9606.ENSP00000363524	9606.ENSP00000298048	0	0	0	0	0.926	0	0	0.414	0.955
KIF4A	TPX2	9606.ENSP00000363524	9606.ENSP00000300403	0	0	0	0	0.962	0	0	0.566	0.983
KIF4A	CENPF	9606.ENSP00000363524	9606.ENSP00000355922	0	0	0	0	0.842	0	0	0.500	0.917
KIF4A	ASPM	9606.ENSP00000363524	9606.ENSP00000356379	0	0	0	0	0.951	0.243	0	0.554	0.982
KIF4A	TTK	9606.ENSP00000363524	9606.ENSP00000358813	0	0	0	0	0.864	0.150	0	0.392	0.923
KIF4A	PTTG1	9606.ENSP00000363524	9606.ENSP00000377536	0	0	0	0	0.789	0	0	0.550	0.901
KIF4A	CDCA3	9606.ENSP00000363524	9606.ENSP00000442068	0	0	0	0	0.872	0	0	0.334	0.911
KIF4A	NUSAP1	9606.ENSP00000363524	9606.ENSP00000453403	0	0	0	0	0.859	0	0	0.517	0.929
KIF4A	PBK	9606.ENSP00000363524	9606.ENSP00000428489	0	0	0	0	0.896	0.104	0	0.378	0.937
KIF4A	KIF20A	9606.ENSP00000363524	9606.ENSP00000378356	0	0	0	0.579	0.931	0.066	0.500	0.848	0.977
KIF4A	CDK1	9606.ENSP00000363524	9606.ENSP00000378699	0	0	0	0	0.942	0.152	0	0.668	0.982
KIF4A	TOP2A	9606.ENSP00000363524	9606.ENSP00000411532	0	0	0	0	0.971	0	0	0.721	0.991
KRT18	KRT8	9606.ENSP00000373487	9606.ENSP00000449404	0	0	0	0.775	0.953	0.879	0	0.989	0.995
KRT8	MAPK14	9606.ENSP00000449404	9606.ENSP00000229795	0	0	0	0	0.062	0.470	0.900	0.128	0.950
KRT8	KRT18	9606.ENSP00000449404	9606.ENSP00000373487	0	0	0	0.775	0.953	0.879	0	0.989	0.995
LAMA2	LAMA4	9606.ENSP00000400365	9606.ENSP00000230538	0	0	0	0.623	0.118	0	0.900	0.678	0.931
LAMA2	DMD	9606.ENSP00000400365	9606.ENSP00000354923	0	0	0	0	0.081	0	0.900	0.861	0.986
LAMA4	DMD	9606.ENSP00000230538	9606.ENSP00000354923	0	0	0	0	0.061	0	0.900	0.302	0.928
LAMA4	LAMA2	9606.ENSP00000230538	9606.ENSP00000400365	0	0	0	0.623	0.118	0	0.900	0.678	0.931
LAT2	FCER1G	9606.ENSP00000420494	9606.ENSP00000289902	0	0	0	0	0.175	0	0.900	0.295	0.936
LMNA	CCNB1	9606.ENSP00000357283	9606.ENSP00000256442	0	0.015	0	0	0.145	0	0.900	0.525	0.955
LMNA	FOS	9606.ENSP00000357283	9606.ENSP00000306245	0	0	0	0	0	0.213	0	0.956	0.964
LMNA	CDK1	9606.ENSP00000357283	9606.ENSP00000378699	0	0	0	0	0.108	0.213	0.900	0.555	0.964
LPAR1	ENPP2	9606.ENSP00000363553	9606.ENSP00000259486	0	0	0	0	0.105	0.270	0	0.924	0.946
LPAR1	EGFR	9606.ENSP00000363553	9606.ENSP00000275493	0	0	0	0	0.111	0.061	0.900	0.319	0.935
LPAR1	FOS	9606.ENSP00000363553	9606.ENSP00000306245	0	0	0	0	0	0	0.900	0.183	0.914
LPPR4	MOGAT1	9606.ENSP00000359204	9606.ENSP00000406674	0	0	0	0	0.049	0	0.900	0.107	0.907
LY86	LY96	9606.ENSP00000369286	9606.ENSP00000284818	0	0	0	0	0.232	0.270	0.900	0.914	0.994
LY86	CD14	9606.ENSP00000369286	9606.ENSP00000304236	0	0	0	0	0.330	0	0.900	0.403	0.956
LY96	EHHADH	9606.ENSP00000284818	9606.ENSP00000231887	0	0	0	0	0	0	0.900	0	0.900
LY96	CD14	9606.ENSP00000284818	9606.ENSP00000304236	0	0	0	0	0.152	0	0.900	0.888	0.989
LY96	LY86	9606.ENSP00000284818	9606.ENSP00000369286	0	0	0	0	0.232	0.270	0.900	0.914	0.994
MAMLD1	DLGAP5	9606.ENSP00000414517	9606.ENSP00000247191	0	0	0	0	0	0	0.900	0	0.900
MAMLD1	WWC1	9606.ENSP00000414517	9606.ENSP00000427772	0	0	0	0	0	0	0.900	0.065	0.902
MAPK14	KRT8	9606.ENSP00000229795	9606.ENSP00000449404	0	0	0	0	0.062	0.470	0.900	0.128	0.950
MAPK14	PPARGC1A	9606.ENSP00000229795	9606.ENSP00000264867	0	0	0	0	0	0.213	0.900	0.457	0.953
MAPK14	FOS	9606.ENSP00000229795	9606.ENSP00000306245	0	0	0	0	0	0.248	0.900	0.592	0.966
MAPK14	RPS6KA4	9606.ENSP00000229795	9606.ENSP00000333896	0	0	0	0.606	0.085	0.893	0.900	0.438	0.991
MELK	DLGAP5	9606.ENSP00000298048	9606.ENSP00000247191	0	0	0	0	0.942	0	0	0.506	0.970
MELK	NCAPG	9606.ENSP00000298048	9606.ENSP00000251496	0	0	0	0	0.925	0	0	0.557	0.965
MELK	CCNB1	9606.ENSP00000298048	9606.ENSP00000256442	0	0	0	0	0.921	0.183	0	0.471	0.963
MELK	KIF11	9606.ENSP00000298048	9606.ENSP00000260731	0	0	0	0	0.907	0	0	0.385	0.940
MELK	CCNA2	9606.ENSP00000298048	9606.ENSP00000274026	0	0	0	0	0.930	0.155	0	0.393	0.961
MELK	CCNB2	9606.ENSP00000298048	9606.ENSP00000288207	0	0	0	0	0.918	0.183	0	0.523	0.965
MELK	PTTG1	9606.ENSP00000298048	9606.ENSP00000377536	0	0	0	0	0.857	0	0	0.345	0.902
MELK	KIAA0101	9606.ENSP00000298048	9606.ENSP00000300035	0	0	0	0	0.868	0	0	0.391	0.916
MELK	TTK	9606.ENSP00000298048	9606.ENSP00000358813	0	0	0	0.571	0.914	0.056	0	0.505	0.933
MELK	CENPF	9606.ENSP00000298048	9606.ENSP00000355922	0	0	0	0	0.874	0	0	0.508	0.935
MELK	NUSAP1	9606.ENSP00000298048	9606.ENSP00000453403	0	0	0	0	0.872	0	0	0.519	0.936
MELK	KIF20A	9606.ENSP00000298048	9606.ENSP00000378356	0	0	0	0	0.909	0	0	0.427	0.945
MELK	KIF4A	9606.ENSP00000298048	9606.ENSP00000363524	0	0	0	0	0.926	0	0	0.414	0.955
MELK	ASPM	9606.ENSP00000298048	9606.ENSP00000356379	0	0	0	0	0.924	0.075	0	0.450	0.958
MELK	TOP2A	9606.ENSP00000298048	9606.ENSP00000411532	0	0	0	0	0.935	0.056	0	0.560	0.970
MELK	TPX2	9606.ENSP00000298048	9606.ENSP00000300403	0	0	0	0	0.943	0	0	0.508	0.970
MELK	PBK	9606.ENSP00000298048	9606.ENSP00000428489	0	0	0	0	0.952	0.136	0	0.560	0.980
MELK	CDK1	9606.ENSP00000298048	9606.ENSP00000378699	0	0	0	0.711	0.982	0.078	0	0.500	0.985
MIF	CD74	9606.ENSP00000215754	9606.ENSP00000009530	0	0	0	0	0	0.270	0.600	0.989	0.996
MIF	CXCR4	9606.ENSP00000215754	9606.ENSP00000386884	0	0	0	0	0	0	0	0.980	0.980
MOGAT1	LPPR4	9606.ENSP00000406674	9606.ENSP00000359204	0	0	0	0	0.049	0	0.900	0.107	0.907
MYH11	ACTG2	9606.ENSP00000379616	9606.ENSP00000386857	0	0	0	0	0.566	0.369	0.600	0.641	0.955
NCAM1	GFRA1	9606.ENSP00000480132	9606.ENSP00000347591	0	0	0	0	0.066	0.213	0.500	0.898	0.957
NCAPG	DLGAP5	9606.ENSP00000251496	9606.ENSP00000247191	0	0	0	0	0.976	0	0	0.510	0.987
NCAPG	PTTG1	9606.ENSP00000251496	9606.ENSP00000377536	0	0	0	0	0.902	0	0	0.452	0.944
NCAPG	HMMR	9606.ENSP00000251496	9606.ENSP00000377492	0	0	0	0	0.929	0	0	0.261	0.945
NCAPG	CKS2	9606.ENSP00000251496	9606.ENSP00000364976	0	0	0	0	0.918	0	0	0.375	0.946
NCAPG	KIF4A	9606.ENSP00000251496	9606.ENSP00000363524	0	0	0	0	0.887	0.077	0	0.525	0.946
NCAPG	CENPF	9606.ENSP00000251496	9606.ENSP00000355922	0	0	0	0	0.923	0	0	0.525	0.961
NCAPG	PBK	9606.ENSP00000251496	9606.ENSP00000428489	0	0	0	0	0.936	0	0	0.456	0.963
NCAPG	MELK	9606.ENSP00000251496	9606.ENSP00000298048	0	0	0	0	0.925	0	0	0.557	0.965
NCAPG	TPX2	9606.ENSP00000251496	9606.ENSP00000300403	0	0	0	0	0.942	0	0	0.522	0.971
NCAPG	KIF20A	9606.ENSP00000251496	9606.ENSP00000378356	0	0	0	0	0.948	0.077	0	0.471	0.972
NCAPG	CCNA2	9606.ENSP00000251496	9606.ENSP00000274026	0	0	0	0	0.958	0	0	0.461	0.976
NCAPG	CENPE	9606.ENSP00000251496	9606.ENSP00000265148	0	0	0	0	0.967	0.077	0	0.405	0.980
NCAPG	NUSAP1	9606.ENSP00000251496	9606.ENSP00000453403	0	0	0	0	0.980	0	0	0.523	0.990
NCAPG	TOP2A	9606.ENSP00000251496	9606.ENSP00000411532	0	0	0	0	0.968	0.104	0	0.681	0.990
NCAPG	KIF11	9606.ENSP00000251496	9606.ENSP00000260731	0	0	0	0	0.985	0.155	0	0.508	0.993
NCAPG	TTK	9606.ENSP00000251496	9606.ENSP00000358813	0	0	0	0	0.987	0	0	0.470	0.993
NCAPG	CCNB1	9606.ENSP00000251496	9606.ENSP00000256442	0	0	0	0	0.868	0	0.900	0.621	0.994
NCAPG	ASPM	9606.ENSP00000251496	9606.ENSP00000356379	0	0	0	0	0.991	0	0	0.528	0.995
NCAPG	CCNB2	9606.ENSP00000251496	9606.ENSP00000288207	0	0	0	0	0.936	0	0.900	0.517	0.996
NCAPG	SMC4	9606.ENSP00000251496	9606.ENSP00000349961	0	0	0	0	0.997	0.992	0.900	0.967	0.999
NCAPG	CDK1	9606.ENSP00000251496	9606.ENSP00000378699	0	0	0	0	0.992	0.281	0.900	0.538	0.999
NNMT	EGFR	9606.ENSP00000441434	9606.ENSP00000275493	0	0	0	0	0.945	0.071	0	0.154	0.952
NNMT	AOX1	9606.ENSP00000441434	9606.ENSP00000363832	0	0	0	0	0.175	0	0.900	0.494	0.954
NRG1	EGFR	9606.ENSP00000384620	9606.ENSP00000275493	0	0	0	0	0.076	0.754	0.900	0.990	0.999
NUSAP1	DLGAP5	9606.ENSP00000453403	9606.ENSP00000247191	0	0	0	0	0.955	0	0	0.829	0.992
NUSAP1	NCAPG	9606.ENSP00000453403	9606.ENSP00000251496	0	0	0	0	0.980	0	0	0.523	0.990
NUSAP1	CCNB1	9606.ENSP00000453403	9606.ENSP00000256442	0	0	0	0	0.884	0	0	0.504	0.940
NUSAP1	KIF11	9606.ENSP00000453403	9606.ENSP00000260731	0	0	0	0	0.986	0	0	0.578	0.993
NUSAP1	CENPE	9606.ENSP00000453403	9606.ENSP00000265148	0	0	0	0	0.956	0	0	0.427	0.974
NUSAP1	CCNA2	9606.ENSP00000453403	9606.ENSP00000274026	0	0	0	0	0.981	0	0	0.455	0.989
NUSAP1	CCNB2	9606.ENSP00000453403	9606.ENSP00000288207	0	0	0	0	0.956	0	0	0.563	0.980
NUSAP1	MELK	9606.ENSP00000453403	9606.ENSP00000298048	0	0	0	0	0.872	0	0	0.519	0.936
NUSAP1	KIAA0101	9606.ENSP00000453403	9606.ENSP00000300035	0	0	0	0	0.891	0	0	0.517	0.945
NUSAP1	TPX2	9606.ENSP00000453403	9606.ENSP00000300403	0	0	0	0	0.913	0	0	0.661	0.969
NUSAP1	SMC4	9606.ENSP00000453403	9606.ENSP00000349961	0	0	0	0	0.852	0	0	0.387	0.906
NUSAP1	CENPF	9606.ENSP00000453403	9606.ENSP00000355922	0	0	0	0	0.950	0	0	0.561	0.977
NUSAP1	ASPM	9606.ENSP00000453403	9606.ENSP00000356379	0	0	0	0	0.979	0	0	0.602	0.991
NUSAP1	TTK	9606.ENSP00000453403	9606.ENSP00000358813	0	0	0	0	0.935	0	0	0.466	0.963
NUSAP1	KIF4A	9606.ENSP00000453403	9606.ENSP00000363524	0	0	0	0	0.859	0	0	0.517	0.929
NUSAP1	CKS2	9606.ENSP00000453403	9606.ENSP00000364976	0	0	0	0	0.849	0	0	0.511	0.923
NUSAP1	HMMR	9606.ENSP00000453403	9606.ENSP00000377492	0	0	0	0	0.834	0	0	0.541	0.921
NUSAP1	PTTG1	9606.ENSP00000453403	9606.ENSP00000377536	0	0	0	0	0.859	0	0	0.470	0.922
NUSAP1	KIF20A	9606.ENSP00000453403	9606.ENSP00000378356	0	0	0	0	0.938	0.270	0	0.527	0.977
NUSAP1	CDK1	9606.ENSP00000453403	9606.ENSP00000378699	0	0	0	0	0.992	0	0	0.462	0.995
NUSAP1	TOP2A	9606.ENSP00000453403	9606.ENSP00000411532	0	0	0	0	0.966	0	0	0.649	0.987
NUSAP1	PBK	9606.ENSP00000453403	9606.ENSP00000428489	0	0	0	0	0.941	0	0	0.520	0.970
NUSAP1	CDCA3	9606.ENSP00000453403	9606.ENSP00000442068	0	0	0	0	0.883	0	0	0.511	0.940
OAS2	IRF6	9606.ENSP00000342278	9606.ENSP00000355988	0	0	0	0	0	0	0.900	0.150	0.911
OAS2	HLA-C	9606.ENSP00000342278	9606.ENSP00000365402	0	0	0	0	0.097	0	0.900	0.170	0.918
OAS2	IFITM2	9606.ENSP00000342278	9606.ENSP00000484689	0	0	0	0	0.097	0	0.900	0.392	0.940
OAS2	IFITM3	9606.ENSP00000342278	9606.ENSP00000382707	0	0	0	0	0.120	0	0.900	0.535	0.955
OAS2	IFITM1	9606.ENSP00000342278	9606.ENSP00000386187	0	0	0	0	0.525	0	0.900	0.647	0.981
OAS2	ISG15	9606.ENSP00000342278	9606.ENSP00000368699	0	0	0	0	0.785	0	0.900	0.759	0.994
PBK	DLGAP5	9606.ENSP00000428489	9606.ENSP00000247191	0	0	0	0	0.958	0.056	0	0.523	0.979
PBK	NCAPG	9606.ENSP00000428489	9606.ENSP00000251496	0	0	0	0	0.936	0	0	0.456	0.963
PBK	CCNB1	9606.ENSP00000428489	9606.ENSP00000256442	0	0	0	0	0.936	0.263	0	0.494	0.974
PBK	KIF11	9606.ENSP00000428489	9606.ENSP00000260731	0	0	0	0	0.942	0.104	0	0.437	0.968
PBK	ANLN	9606.ENSP00000428489	9606.ENSP00000265748	0	0	0	0	0.865	0.062	0	0.345	0.910
PBK	CCNA2	9606.ENSP00000428489	9606.ENSP00000274026	0	0	0	0	0.949	0.103	0	0.361	0.968
PBK	CCNB2	9606.ENSP00000428489	9606.ENSP00000288207	0	0	0	0	0.950	0.103	0	0.391	0.970
PBK	MELK	9606.ENSP00000428489	9606.ENSP00000298048	0	0	0	0	0.952	0.136	0	0.560	0.980
PBK	TPX2	9606.ENSP00000428489	9606.ENSP00000300403	0	0	0	0	0.926	0.057	0	0.379	0.953
PBK	CENPF	9606.ENSP00000428489	9606.ENSP00000355922	0	0	0	0	0.916	0	0	0.459	0.952
PBK	ASPM	9606.ENSP00000428489	9606.ENSP00000356379	0	0	0	0	0.925	0.075	0	0.422	0.956
PBK	TTK	9606.ENSP00000428489	9606.ENSP00000358813	0	0	0	0	0.947	0	0	0.537	0.974
PBK	KIF4A	9606.ENSP00000428489	9606.ENSP00000363524	0	0	0	0	0.896	0.104	0	0.378	0.937
PBK	HMMR	9606.ENSP00000428489	9606.ENSP00000377492	0	0	0	0	0.911	0	0	0.391	0.943
PBK	PTTG1	9606.ENSP00000428489	9606.ENSP00000377536	0	0	0	0	0.908	0	0	0.374	0.940
PBK	KIF20A	9606.ENSP00000428489	9606.ENSP00000378356	0	0	0	0	0.935	0.104	0	0.455	0.966
PBK	CDK1	9606.ENSP00000428489	9606.ENSP00000378699	0	0	0	0	0.989	0.474	0	0.784	0.998
PBK	TOP2A	9606.ENSP00000428489	9606.ENSP00000411532	0	0	0	0	0.982	0	0	0.556	0.992
PBK	CDCA3	9606.ENSP00000428489	9606.ENSP00000442068	0	0	0	0	0.938	0	0	0.367	0.959
PBK	NUSAP1	9606.ENSP00000428489	9606.ENSP00000453403	0	0	0	0	0.941	0	0	0.520	0.970
PCOLCE	COL5A1	9606.ENSP00000223061	9606.ENSP00000360882	0	0	0	0	0.374	0.497	0.900	0.480	0.981
PCOLCE2	COL5A1	9606.ENSP00000295992	9606.ENSP00000360882	0	0	0	0	0.076	0	0.900	0.356	0.935
PLEK	ANXA5	9606.ENSP00000234313	9606.ENSP00000296511	0	0	0	0	0	0	0.900	0.261	0.923
PLEK	FLNA	9606.ENSP00000234313	9606.ENSP00000358866	0	0	0	0	0	0.056	0.900	0.583	0.957
PLK4	KIF11	9606.ENSP00000270861	9606.ENSP00000260731	0	0	0	0	0.879	0.143	0	0.604	0.955
PLK4	CENPE	9606.ENSP00000270861	9606.ENSP00000265148	0	0	0	0	0.780	0.369	0	0.422	0.912
PLK4	CCNA2	9606.ENSP00000270861	9606.ENSP00000274026	0	0	0	0	0.829	0.082	0	0.441	0.904
PLK4	CCNB2	9606.ENSP00000270861	9606.ENSP00000288207	0	0	0	0	0.801	0.082	0	0.517	0.904
PLK4	TTK	9606.ENSP00000270861	9606.ENSP00000358813	0	0	0	0.562	0.879	0.170	0	0.575	0.921
PLK4	ASPM	9606.ENSP00000270861	9606.ENSP00000356379	0	0	0	0	0.821	0.394	0	0.389	0.928
PML	FOXO1	9606.ENSP00000268058	9606.ENSP00000368880	0	0	0	0	0	0.281	0	0.948	0.961
PPARG	PPARGC1A	9606.ENSP00000287820	9606.ENSP00000264867	0	0	0	0	0	0.991	0.900	0.989	0.999
PPARG	FOXO1	9606.ENSP00000287820	9606.ENSP00000368880	0	0	0	0	0	0.230	0	0.925	0.940
PPARG	FOS	9606.ENSP00000287820	9606.ENSP00000306245	0	0	0	0	0	0.082	0.900	0.605	0.960
PPARGC1A	MAPK14	9606.ENSP00000264867	9606.ENSP00000229795	0	0	0	0	0	0.213	0.900	0.457	0.953
PPARGC1A	EHHADH	9606.ENSP00000264867	9606.ENSP00000231887	0	0	0	0	0	0	0.900	0.381	0.935
PPARGC1A	FOXO1	9606.ENSP00000264867	9606.ENSP00000368880	0	0	0	0	0	0.061	0.800	0.989	0.997
PPARGC1A	PPARG	9606.ENSP00000264867	9606.ENSP00000287820	0	0	0	0	0	0.991	0.900	0.989	0.999
PTTG1	DLGAP5	9606.ENSP00000377536	9606.ENSP00000247191	0	0	0	0	0.922	0	0	0.507	0.959
PTTG1	NCAPG	9606.ENSP00000377536	9606.ENSP00000251496	0	0	0	0	0.902	0	0	0.452	0.944
PTTG1	CCNB1	9606.ENSP00000377536	9606.ENSP00000256442	0	0	0	0	0.929	0	0	0.792	0.984
PTTG1	KIF11	9606.ENSP00000377536	9606.ENSP00000260731	0	0	0	0	0.800	0	0	0.535	0.903
PTTG1	CCNA2	9606.ENSP00000377536	9606.ENSP00000274026	0	0	0	0	0.896	0	0	0.634	0.960
PTTG1	CCNB2	9606.ENSP00000377536	9606.ENSP00000288207	0	0	0	0	0.934	0	0	0.631	0.974
PTTG1	MELK	9606.ENSP00000377536	9606.ENSP00000298048	0	0	0	0	0.857	0	0	0.345	0.902
PTTG1	TPX2	9606.ENSP00000377536	9606.ENSP00000300403	0	0	0	0	0.913	0	0	0.392	0.944
PTTG1	CENPF	9606.ENSP00000377536	9606.ENSP00000355922	0	0	0	0	0.856	0	0	0.608	0.941
PTTG1	ASPM	9606.ENSP00000377536	9606.ENSP00000356379	0	0	0	0	0.844	0	0	0.389	0.900
PTTG1	TTK	9606.ENSP00000377536	9606.ENSP00000358813	0	0	0	0	0.833	0	0	0.519	0.916
PTTG1	KIF4A	9606.ENSP00000377536	9606.ENSP00000363524	0	0	0	0	0.789	0	0	0.550	0.901
PTTG1	CKS2	9606.ENSP00000377536	9606.ENSP00000364976	0	0	0	0	0.848	0	0	0.438	0.911
PTTG1	HMMR	9606.ENSP00000377536	9606.ENSP00000377492	0	0	0	0	0.900	0	0	0.306	0.927
PTTG1	CDCA3	9606.ENSP00000377536	9606.ENSP00000442068	0	0	0	0	0.841	0	0	0.407	0.901
PTTG1	NUSAP1	9606.ENSP00000377536	9606.ENSP00000453403	0	0	0	0	0.859	0	0	0.470	0.922
PTTG1	TOP2A	9606.ENSP00000377536	9606.ENSP00000411532	0	0	0	0	0.852	0	0	0.519	0.926
PTTG1	PBK	9606.ENSP00000377536	9606.ENSP00000428489	0	0	0	0	0.908	0	0	0.374	0.940
PTTG1	KIF20A	9606.ENSP00000377536	9606.ENSP00000378356	0	0	0	0	0.916	0	0	0.437	0.951
PTTG1	CDK1	9606.ENSP00000377536	9606.ENSP00000378699	0	0	0	0	0.941	0.213	0	0.736	0.986
RAD51AP1	TOP2A	9606.ENSP00000228843	9606.ENSP00000411532	0	0	0	0	0.824	0	0	0.525	0.913
RGS1	RGS2	9606.ENSP00000356429	9606.ENSP00000235382	0	0	0	0.854	0.150	0	0.900	0.879	0.922
RGS1	HLA-DRB1	9606.ENSP00000356429	9606.ENSP00000353099	0	0	0	0	0.223	0	0.900	0.284	0.939
RGS2	RGS1	9606.ENSP00000235382	9606.ENSP00000356429	0	0	0	0.854	0.150	0	0.900	0.879	0.922
RPS6KA4	MAPK14	9606.ENSP00000333896	9606.ENSP00000229795	0	0	0	0.606	0.085	0.893	0.900	0.438	0.991
S1PR3	CXCR4	9606.ENSP00000365006	9606.ENSP00000386884	0	0	0	0	0.062	0	0.900	0.471	0.946
SGCA	DMD	9606.ENSP00000262018	9606.ENSP00000354923	0	0	0	0	0.062	0.561	0.720	0.981	0.997
SLC4A4	CA2	9606.ENSP00000393557	9606.ENSP00000285379	0	0	0	0	0.062	0.290	0	0.972	0.980
SMC4	NCAPG	9606.ENSP00000349961	9606.ENSP00000251496	0	0	0	0	0.997	0.992	0.900	0.967	0.999
SMC4	CCNB1	9606.ENSP00000349961	9606.ENSP00000256442	0	0	0	0	0.617	0.060	0.900	0.428	0.976
SMC4	KIF11	9606.ENSP00000349961	9606.ENSP00000260731	0	0	0	0	0.966	0.122	0	0.435	0.981
SMC4	CENPE	9606.ENSP00000349961	9606.ENSP00000265148	0	0	0	0	0.940	0.122	0	0.418	0.967
SMC4	CCNA2	9606.ENSP00000349961	9606.ENSP00000274026	0	0	0	0	0.819	0.060	0	0.507	0.909
SMC4	CCNB2	9606.ENSP00000349961	9606.ENSP00000288207	0	0	0	0	0.607	0.060	0.900	0.438	0.976
SMC4	NUSAP1	9606.ENSP00000349961	9606.ENSP00000453403	0	0	0	0	0.852	0	0	0.387	0.906
SMC4	TTK	9606.ENSP00000349961	9606.ENSP00000358813	0	0	0	0	0.945	0.058	0	0.210	0.955
SMC4	TOP2A	9606.ENSP00000349961	9606.ENSP00000411532	0.044	0	0	0	0.919	0.243	0	0.737	0.982
SMC4	ASPM	9606.ENSP00000349961	9606.ENSP00000356379	0	0	0	0	0.958	0.667	0	0.275	0.989
SMC4	CDK1	9606.ENSP00000349961	9606.ENSP00000378699	0	0	0	0	0.906	0.321	0.900	0.520	0.996
SPTBN1	EPB41L3	9606.ENSP00000349259	9606.ENSP00000343158	0	0	0	0	0.157	0.317	0	0.879	0.925
SYNC	DTNA	9606.ENSP00000386439	9606.ENSP00000470152	0	0	0	0	0	0.213	0	0.940	0.951
TOP2A	RAD51AP1	9606.ENSP00000411532	9606.ENSP00000228843	0	0	0	0	0.824	0	0	0.525	0.913
TOP2A	DLGAP5	9606.ENSP00000411532	9606.ENSP00000247191	0	0	0	0	0.979	0	0	0.556	0.990
TOP2A	NCAPG	9606.ENSP00000411532	9606.ENSP00000251496	0	0	0	0	0.968	0.104	0	0.681	0.990
TOP2A	CCNB1	9606.ENSP00000411532	9606.ENSP00000256442	0	0	0	0	0.964	0.056	0	0.689	0.988
TOP2A	KIF11	9606.ENSP00000411532	9606.ENSP00000260731	0	0	0	0	0.968	0	0	0.624	0.987
TOP2A	CENPE	9606.ENSP00000411532	9606.ENSP00000265148	0	0	0	0	0.959	0	0	0.538	0.980
TOP2A	ANLN	9606.ENSP00000411532	9606.ENSP00000265748	0	0	0	0	0.834	0.270	0	0.469	0.930
TOP2A	CCNA2	9606.ENSP00000411532	9606.ENSP00000274026	0	0	0	0	0.967	0.056	0	0.575	0.985
TOP2A	CCNB2	9606.ENSP00000411532	9606.ENSP00000288207	0	0	0	0	0.969	0.056	0	0.714	0.991
TOP2A	MELK	9606.ENSP00000411532	9606.ENSP00000298048	0	0	0	0	0.935	0.056	0	0.560	0.970
TOP2A	KIAA0101	9606.ENSP00000411532	9606.ENSP00000300035	0	0	0	0	0.959	0	0	0.420	0.975
TOP2A	TPX2	9606.ENSP00000411532	9606.ENSP00000300403	0	0	0	0	0.993	0	0	0.604	0.997
TOP2A	SMC4	9606.ENSP00000411532	9606.ENSP00000349961	0.044	0	0	0	0.919	0.243	0	0.737	0.982
TOP2A	CENPF	9606.ENSP00000411532	9606.ENSP00000355922	0	0	0	0	0.963	0	0	0.641	0.986
TOP2A	ASPM	9606.ENSP00000411532	9606.ENSP00000356379	0	0	0	0	0.968	0	0	0.605	0.987
TOP2A	TTK	9606.ENSP00000411532	9606.ENSP00000358813	0	0	0	0	0.949	0	0	0.552	0.976
TOP2A	KIF4A	9606.ENSP00000411532	9606.ENSP00000363524	0	0	0	0	0.971	0	0	0.721	0.991
TOP2A	CKS2	9606.ENSP00000411532	9606.ENSP00000364976	0	0	0	0	0.824	0	0	0.497	0.908
TOP2A	HMMR	9606.ENSP00000411532	9606.ENSP00000377492	0	0	0	0	0.850	0	0	0.510	0.923
TOP2A	PTTG1	9606.ENSP00000411532	9606.ENSP00000377536	0	0	0	0	0.852	0	0	0.519	0.926
TOP2A	KIF20A	9606.ENSP00000411532	9606.ENSP00000378356	0	0	0	0	0.972	0.270	0	0.541	0.990
TOP2A	CDK1	9606.ENSP00000411532	9606.ENSP00000378699	0	0	0	0	0.988	0.225	0	0.672	0.996
TOP2A	CDCA3	9606.ENSP00000411532	9606.ENSP00000442068	0	0	0	0	0.943	0	0	0.464	0.968
TOP2A	NUSAP1	9606.ENSP00000411532	9606.ENSP00000453403	0	0	0	0	0.966	0	0	0.649	0.987
TOP2A	PBK	9606.ENSP00000411532	9606.ENSP00000428489	0	0	0	0	0.982	0	0	0.556	0.992
TPX2	DLGAP5	9606.ENSP00000300403	9606.ENSP00000247191	0	0	0	0	0.964	0	0	0.900	0.996
TPX2	NCAPG	9606.ENSP00000300403	9606.ENSP00000251496	0	0	0	0	0.942	0	0	0.522	0.971
TPX2	CCNB1	9606.ENSP00000300403	9606.ENSP00000256442	0	0	0	0	0.945	0	0	0.523	0.973
TPX2	KIF11	9606.ENSP00000300403	9606.ENSP00000260731	0	0	0	0	0.958	0	0	0.934	0.997
TPX2	CENPE	9606.ENSP00000300403	9606.ENSP00000265148	0	0	0	0	0.887	0	0	0.508	0.942
TPX2	ANLN	9606.ENSP00000300403	9606.ENSP00000265748	0	0	0	0	0.839	0	0	0.482	0.913
TPX2	CCNA2	9606.ENSP00000300403	9606.ENSP00000274026	0	0	0	0	0.927	0	0	0.426	0.956
TPX2	CCNB2	9606.ENSP00000300403	9606.ENSP00000288207	0	0	0	0	0.934	0	0	0.500	0.965
TPX2	MELK	9606.ENSP00000300403	9606.ENSP00000298048	0	0	0	0	0.943	0	0	0.508	0.970
TPX2	CDCA3	9606.ENSP00000300403	9606.ENSP00000442068	0	0	0	0	0.871	0	0	0.345	0.912
TPX2	PTTG1	9606.ENSP00000300403	9606.ENSP00000377536	0	0	0	0	0.913	0	0	0.392	0.944
TPX2	TTK	9606.ENSP00000300403	9606.ENSP00000358813	0	0	0	0	0.908	0	0	0.469	0.949
TPX2	CENPF	9606.ENSP00000300403	9606.ENSP00000355922	0	0	0	0	0.892	0	0	0.559	0.950
TPX2	PBK	9606.ENSP00000300403	9606.ENSP00000428489	0	0	0	0	0.926	0.057	0	0.379	0.953
TPX2	CDK1	9606.ENSP00000300403	9606.ENSP00000378699	0	0	0	0	0.927	0	0	0.572	0.967
TPX2	NUSAP1	9606.ENSP00000300403	9606.ENSP00000453403	0	0	0	0	0.913	0	0	0.661	0.969
TPX2	HMMR	9606.ENSP00000300403	9606.ENSP00000377492	0	0	0	0	0.837	0.462	0	0.779	0.979
TPX2	ASPM	9606.ENSP00000300403	9606.ENSP00000356379	0	0	0	0	0.966	0	0	0.458	0.981
TPX2	KIF4A	9606.ENSP00000300403	9606.ENSP00000363524	0	0	0	0	0.962	0	0	0.566	0.983
TPX2	KIF20A	9606.ENSP00000300403	9606.ENSP00000378356	0	0	0	0	0.958	0.270	0	0.560	0.985
TPX2	TOP2A	9606.ENSP00000300403	9606.ENSP00000411532	0	0	0	0	0.993	0	0	0.604	0.997
TSC22D3	FOS	9606.ENSP00000361458	9606.ENSP00000306245	0	0	0	0	0.076	0.270	0	0.901	0.927
TTK	DLGAP5	9606.ENSP00000358813	9606.ENSP00000247191	0	0	0	0	0.982	0	0	0.520	0.991
TTK	NCAPG	9606.ENSP00000358813	9606.ENSP00000251496	0	0	0	0	0.987	0	0	0.470	0.993
TTK	CCNB1	9606.ENSP00000358813	9606.ENSP00000256442	0	0	0	0	0.875	0.103	0	0.623	0.954
TTK	KIF11	9606.ENSP00000358813	9606.ENSP00000260731	0	0	0	0	0.980	0.348	0	0.666	0.995
TTK	CENPE	9606.ENSP00000358813	9606.ENSP00000265148	0	0	0	0	0.983	0.150	0	0.583	0.993
TTK	PLK4	9606.ENSP00000358813	9606.ENSP00000270861	0	0	0	0.562	0.879	0.170	0	0.575	0.921
TTK	CCNA2	9606.ENSP00000358813	9606.ENSP00000274026	0	0	0	0	0.979	0.067	0	0.485	0.989
TTK	CCNB2	9606.ENSP00000358813	9606.ENSP00000288207	0	0	0	0	0.935	0.103	0	0.655	0.978
TTK	MELK	9606.ENSP00000358813	9606.ENSP00000298048	0	0	0	0.571	0.914	0.056	0	0.505	0.933
TTK	KIAA0101	9606.ENSP00000358813	9606.ENSP00000300035	0	0	0	0	0.890	0	0	0.312	0.921
TTK	TPX2	9606.ENSP00000358813	9606.ENSP00000300403	0	0	0	0	0.908	0	0	0.469	0.949
TTK	SMC4	9606.ENSP00000358813	9606.ENSP00000349961	0	0	0	0	0.945	0.058	0	0.210	0.955
TTK	CENPF	9606.ENSP00000358813	9606.ENSP00000355922	0	0	0	0	0.935	0	0	0.517	0.967
TTK	ASPM	9606.ENSP00000358813	9606.ENSP00000356379	0	0	0	0	0.986	0.060	0	0.503	0.993
TTK	PTTG1	9606.ENSP00000358813	9606.ENSP00000377536	0	0	0	0	0.833	0	0	0.519	0.916
TTK	CDCA3	9606.ENSP00000358813	9606.ENSP00000442068	0	0	0	0	0.887	0	0	0.338	0.922
TTK	KIF4A	9606.ENSP00000358813	9606.ENSP00000363524	0	0	0	0	0.864	0.150	0	0.392	0.923
TTK	CKS2	9606.ENSP00000358813	9606.ENSP00000364976	0	0	0	0	0.870	0.104	0	0.459	0.931
TTK	NUSAP1	9606.ENSP00000358813	9606.ENSP00000453403	0	0	0	0	0.935	0	0	0.466	0.963
TTK	KIF20A	9606.ENSP00000358813	9606.ENSP00000378356	0	0	0	0	0.920	0.150	0	0.529	0.965
TTK	PBK	9606.ENSP00000358813	9606.ENSP00000428489	0	0	0	0	0.947	0	0	0.537	0.974
TTK	TOP2A	9606.ENSP00000358813	9606.ENSP00000411532	0	0	0	0	0.949	0	0	0.552	0.976
TTK	CDK1	9606.ENSP00000358813	9606.ENSP00000378699	0	0	0	0.650	0.990	0.130	0	0.599	0.993
TYROBP	HCST	9606.ENSP00000262629	9606.ENSP00000246551	0	0	0	0	0.783	0.373	0	0.968	0.995
TYROBP	C1QB	9606.ENSP00000262629	9606.ENSP00000313967	0	0	0	0	0.826	0	0	0.455	0.901
TYROBP	C1QC	9606.ENSP00000262629	9606.ENSP00000363770	0	0	0	0	0.856	0	0	0.418	0.912
TYROBP	ITGB2	9606.ENSP00000262629	9606.ENSP00000380948	0	0	0	0	0.851	0	0	0.451	0.915
TYROBP	CD300E	9606.ENSP00000262629	9606.ENSP00000376395	0	0	0	0	0.224	0.242	0.600	0.776	0.940
TYROBP	FCER1G	9606.ENSP00000262629	9606.ENSP00000289902	0	0	0	0	0.893	0	0	0.836	0.981
VIPR1	ADCYAP1	9606.ENSP00000327246	9606.ENSP00000462647	0	0	0	0	0	0.318	0.500	0.981	0.993
WWC1	MAMLD1	9606.ENSP00000427772	9606.ENSP00000414517	0	0	0	0	0	0	0.900	0.065	0.902
